Workbook

Sheet Resumo
A1: Aspectos gerais | D1: Status
A2: ID# | B2: Área | C2: Aspecto verificado | D2: 46131 | E2: 46138 | F2: 46140
A51: Testes
A52: Tipo | B52: ID | C52: Descrição

Sheet Check_T1T2
A1: Resultados das verificações
A2: Fase da arquitectura inicial
A3: T1 e T2 - 2 de Março a 5 de Abril
A5: Aspecto | B5: Estado | C5: Resultado
A6: Variante MVC adoptada | B6: Verificado | C6: Conforme: arranque no Controller, input na View, coordenação pelo Controller, processamento no Model, retorno à View, sem fluxo directo Model -> Controller.
A7: Inputs e outputs principais | B7: Verificado | C7: Conforme: consultar stock, introduzir dados, remover quantidade, gerar lista e sair; outputs de menu, stock, confirmação, sucesso, erro, lista e fecho.
A8: Diagrama de sequência | B8: Verificado | C8: Conforme: cobre arranque, consulta, adicionar/actualizar, remover, caso alternativo de stock insuficiente, lista de reposição e encerramento.
A9: Estrutura arquitectónica | B9: Verificado | C9: Conforme: responsabilidades de View, Controller e Model estão claras; persistência JSON integrada no Model.
A10: Coerência entre artefactos | B10: Verificado | C10: Conforme: relatório, diagrama de comunicação e diagrama de sequência estão alinhados nos pontos essenciais.
A11: Evolução completa entre versões | B11: Parcialmente verificado | C11: Foi possível verificar bem a versão final, mas não reconstruir todo o percurso intermédio entre versões com detalhe total.

Sheet CheckT3_20260419
A1: ID# | B1: Área | C1: Aspecto verificado | D1: Ficheiro/Local | E1: Critério | F1: Estado | G1: Evidência | H1: Problema detectado | I1: Correcção sugerida | J1: Prioridade | K1: Data
A2: 1 | B2: MVC | C2: Arranque da aplicação | D2: Program.cs | E2: Program apenas arranca o Controller | F2: Conforme | G2: Controller controller = new Controller(); controller.IniciarPrograma(); | J2: Baixa | K2: 46131 | L2: =B2&C2&D2&E2
A3: 2 | B3: MVC | C3: Arranque no Controller | D3: Controller.cs | E3: O ciclo da aplicação deve iniciar no Controller e passar para a View | F3: Conforme | G3: IniciarPrograma() chama view.MostrarMenu(); | J3: Baixa | K3: 46131 | L3: =B3&C3&D3&E3
A4: 3 | B4: MVC | C4: Controller como ponto central de ligação | D4: Controller.cs | E4: O Controller deve instanciar e ligar View e Model | F4: Conforme | G4: Instancia view e model, carrega dados e faz todas as subscrições no construtor | J4: Baixa | K4: 46131 | L4: =B4&C4&D4&E4
A5: 4 | B5: MVC | C5: Input entra na View | D5: View.cs | E5: A variante Curry & Grace exige input na View | F5: Conforme | G5: MostrarMenu, PedirDadosProduto e PedirRemocaoQuantidade recolhem o input do utilizador | J5: Baixa | K5: 46131 | L5: =B5&C5&D5&E5
A6: 5 | B6: MVC | C6: View não conhece directamente o Model | D6: View.cs | E6: A View não deve instanciar nem referenciar directamente o Model | F6: Conforme | G6: View.cs não instancia nem usa a classe Model; apenas expõe eventos/delegados | J6: Baixa | K6: 46131 | L6: =B6&C6&D6&E6
A7: 6 | B7: MVC | C7: Model não conhece View nem Controller | D7: Model.cs | E7: O Model não deve depender de View nem Controller | F7: Conforme | G7: Model.cs não referencia View nem Controller | J7: Baixa | K7: 46131 | L7: =B7&C7&D7&E7
A8: 7 | B8: MVC | C8: Saída apresentada pela View | D8: View.cs | E8: Os resultados devem ser apresentados na View | F8: Conforme | G8: MostrarStock, MostrarListaReposicao, MostrarConfirmacao, MostrarErro, MostrarMensagemFinal | J8: Baixa | K8: 46131 | L8: =B8&C8&D8&E8
A9: 8 | B9: MVC | C9: Papel do Controller limitado à coordenação | D9: Controller.cs | E9: O Controller não deve conter lógica de negócio do domínio | F9: Conforme | G9: Faz encaminhamento, validação básica e coordenação; não implementa regras de stock nem persistência | J9: Baixa | K9: 46131 | L9: =B9&C9&D9&E9
A10: 9 | B10: Eventos/Delegados | C10: Input da View chega ao Controller por eventos | D10: Controller.cs | E10: Os inputs do utilizador devem ser recebidos pelo Controller via eventos | F10: Conforme | G10: view.OpcaoSelecionada += ProcessarOpcao;, view.DadosProdutoIntroduzidos += RegistarOuAtualizarProduto;, view.RemocaoSolicitada += RemoverQuantidade; | J10: Baixa | K10: 46131 | L10: =B10&C10&D10&E10
A11: 10 | B11: Eventos/Delegados | C11: Pedidos de consulta e reposição estão ligados por delegados | D11: Controller.cs / View.cs | E11: Os pedidos de leitura devem estar formalmente ligados no arranque | F11: Conforme | G11: view.PrecisoDeProdutos += model.SolicitarListaProdutos; e view.PrecisoDeListaReposicao += model.SolicitarListaReposicao; | H11: Este encadeamento contribui para o desvio face ao diagrama V5 nos fluxos de consulta e reposição | I11: Clarificar documentalmente este fluxo ou passar também estes pedidos por handlers explícitos no Controller | J11: Média | K11: 46131 | L11: =B11&C11&D11&E11
A12: 11 | B12: Eventos/Delegados | C12: Notificações do Model chegam à View por eventos | D12: Controller.cs | E12: As respostas do Model devem chegar à View por eventos | F12: Conforme | G12: model.OperacaoConcluida += view.MostrarConfirmacao;, model.ErroStockInsuficiente += view.MostrarErro; | J12: Baixa | K12: 46131 | L12: =B12&C12&D12&E12
A13: 12 | B13: Eventos/Delegados | C13: Invocação segura de eventos na View | D13: View.cs | E13: A View deve invocar eventos com verificação nula | F13: Conforme | G13: Uso de ?.Invoke(...) nos eventos de input | J13: Baixa | K13: 46131 | L13: =B13&C13&D13&E13
A14: 13 | B14: Acoplamento | C14: Ausência de acoplamento estrutural View -> Model | D14: View.cs | E14: A View não deve criar nem conhecer o Model | F14: Conforme | G14: A View apenas expõe contratos de comunicação; não conhece a implementação do Model | J14: Baixa | K14: 46131 | L14: =B14&C14&D14&E14
A15: 14 | B15: Acoplamento | C15: Ausência de acoplamento estrutural Model -> View/Controller | D15: Model.cs | E15: O Model deve estar isolado dos outros componentes | F15: Conforme | G15: O Model apenas expõe eventos e métodos próprios | J15: Baixa | K15: 46131 | L15: =B15&C15&D15&E15
A16: 15 | B16: Acoplamento | C16: Mediação explícita do Controller nos fluxos de leitura | D16: Controller.cs / arquitectura | E16: Os fluxos principais devem passar explicitamente pelo Controller | F16: Parcial | G16: Em consulta e reposição, a View acciona delegados ligados ao Model | H16: O fluxo real fica menos explícito do que no diagrama V5 | I16: Ou ajustar a documentação, ou fazer também estes pedidos passar por handlers próprios no Controller | J16: Alta | K16: 46131 | L16: =B16&C16&D16&E16
A17: 16 | B17: Documentação | C17: Coerência com a variante Curry & Grace adoptada | D17: Código + decisão da equipa | E17: O código deve manter input na View e coordenação geral no Controller | F17: Conforme | G17: O padrão geral do código respeita a decisão arquitectónica assumida | J17: Baixa | K17: 46131 | L17: =B17&C17&D17&E17
A18: 17 | B18: Documentação | C18: Coerência entre código e diagrama de sequência V5 | D18: Controller.cs / View.cs / diagrama V5 | E18: O fluxo implementado deve coincidir com o fluxo documentado | F18: Não conforme | G18: No diagrama, consulta/reposição seguem View -> Controller -> Model; no código, a View acciona delegados ligados ao Model | H18: Desvio real entre implementação e documentação | I18: Harmonizar diagrama/documentação com o código, ou refactorizar o código | J18: Alta | K18: 46131 | L18: =B18&C18&D18&E18
A19: 18 | B19: Implementação | C19: Estrutura base do Controller implementada | D19: Controller.cs | E19: O Controller deve estar funcional ao nível do arranque, coordenação e encerramento | F19: Conforme | G19: Construtor, handlers, IniciarPrograma() e Encerrar() estão implementados | H19: Encerrar() usa Environment.Exit(0), o que dificulta a execução de testes automáticos e de integração no próprio projecto | I19: Substituir por mecanismo de fecho controlado quando se avançar para a fase de testes | J19: Média | K19: 46131 | L19: =B19&C19&D19&E19
A20: 19 | B20: Implementação | C20: Ciclo do menu sem recursão acumulada | D20: Controller.cs / View.cs | E20: O fluxo principal não deve acumular chamadas recursivas ao menu | F20: Não conforme | G20: MostrarMenu() acciona OpcaoSelecionada; ProcessarOpcao() termina com nova chamada a view.MostrarMenu() | H20: O ciclo actual é recursivo e pode acumular chamadas em profundidade | I20: Reestruturar o ciclo principal com controlo iterativo em vez de recursivo | J20: Alta | K20: 46131 | L20: =B20&C20&D20&E20
A21: 20 | B21: Implementação | C21: Menu não duplicado em casos de erro de validação | D21: Controller.cs | E21: Em caso de erro de validação, o menu não deve ser reapresentado duas vezes | F21: Não conforme | G21: Em RegistarOuAtualizarProduto() e RemoverQuantidade(), quando os dados são inválidos, é chamado view.MostrarMenu(); depois ProcessarOpcao() volta a chamar view.MostrarMenu() | H21: Reapresentação duplicada do menu em cenários de erro | I21: Centralizar a decisão de regressar ao menu num único ponto do fluxo | J21: Média | K21: 46131 | L21: =B21&C21&D21&E21
A22: 21 | B22: Implementação | C22: Estrutura base da View implementada | D22: View.cs | E22: A View deve suportar menu, recolha de input e apresentação de output | F22: Conforme | G22: Métodos principais da interface de consola estão implementados | J22: Baixa | K22: 46131 | L22: =B22&C22&D22&E22
A23: 22 | B23: Implementação | C23: Leitura válida de inteiros na View | D23: View.cs | E23: A View deve validar input numérico básico | F23: Conforme | G23: LerInteiro() implementado com repetição até valor válido | J23: Baixa | K23: 46131 | L23: =B23&C23&D23&E23
A24: 23 | B24: Implementação | C24: Classe de dados Produto definida | D24: Produto.cs | E24: Deve existir uma estrutura de dados para o domínio | F24: Conforme | G24: Classe com Nome, Quantidade, QuantidadeMinima e Unidade | J24: Baixa | K24: 46131 | L24: =B24&C24&D24&E24
A25: 24 | B25: Implementação | C25: Métodos de consulta do Model implementados | D25: Model.cs | E25: SolicitarListaProdutos e SolicitarListaReposicao devem estar funcionais | F25: Não conforme | G25: Ambos os métodos estão com TODO | H25: Fluxos de leitura ainda não implementados | I25: Implementar cópia segura da lista e filtragem de reposição | J25: Alta | K25: 46131 | L25: =B25&C25&D25&E25
A26: 25 | B26: Implementação | C26: Métodos de lógica de negócio do Model implementados | D26: Model.cs | E26: RegistarOuAtualizarProduto e RemoverQuantidade devem estar funcionais | F26: Não conforme | G26: Ambos os métodos estão com TODO | H26: Fluxos principais da aplicação ainda não estão implementados | I26: Implementar lógica de actualização, remoção e disparo de notificações | J26: Alta | K26: 46131 | L26: =B26&C26&D26&E26
A27: 26 | B27: Implementação | C27: Persistência JSON implementada | D27: Model.cs | E27: CarregarDados e GuardarDados devem estar funcionais | F27: Não conforme | G27: Ambos os métodos estão com TODO; já são chamados pelo Controller | H27: Persistência prevista mas ainda não implementada | I27: Implementar leitura/escrita JSON | J27: Alta | K27: 46131 | L27: =B27&C27&D27&E27
A28: 27 | B28: Implementação | C28: Dependência da API JSON declarada no projecto | D28: GestorStockDomestico.csproj | E28: O projecto deve declarar a dependência necessária para Json.NET, se a persistência a usar for mesmo essa | F28: Não conforme | G28: O .csproj não tem qualquer referência a Newtonsoft.Json | H28: Falta preparação do projecto para a persistência prevista | I28: Adicionar a dependência correcta da biblioteca a utilizar | J28: Alta | K28: 46131 | L28: =B28&C28&D28&E28
A29: 28 | B29: Implementação | C29: Pasta de testes preparada | D29: tests/README.md | E29: A área de testes deve ter pelo menos estrutura mínima identificada | F29: Parcial | G29: Existe a pasta tests e um README a dizer que ali ficarão testes, casos de teste e resultados | H29: Estrutura apenas declarativa; ainda sem artefactos reais | I29: Criar projecto de testes e registo efectivo do verificador | J29: Média | K29: 46131 | L29: =B29&C29&D29&E29
A30: 29 | B30: Testes | C30: Plano de testes unitários | D30: Registo do Verificador | E30: Devem estar definidos casos de teste para Controller e Model | F30: Em preparação | G30: Já é possível identificar operações críticas do Controller e do Model | H30: A matriz ainda não está formalizada | I30: Fechar a matriz de testes unitários no Excel/ficheiro de apoio | J30: Média | K30: 46131 | L30: =B30&C30&D30&E30
A31: 30 | B31: Testes | C31: Testes unitários do Controller executados | D31: Próprio projecto | E31: Deve existir validação do encaminhamento e subscrição dos fluxos | F31: Não executado nesta fase | G31: Ainda não existem métodos/casos/resultados de teste integrados no código actual | H31: O trabalho de testes ainda não arrancou formalmente | I31: Executar após fecho mínimo dos fluxos e definição dos cenários | J31: Média | K31: 46131 | L31: =B31&C31&D31&E31
A32: 31 | B32: Testes | C32: Testes unitários do Model executados | D32: Próprio projecto | E32: Deve existir validação da lógica de negócio e persistência | F32: Não executado nesta fase | G32: Os métodos críticos do Model continuam por implementar | H32: O estado actual do Model impede testes unitários úteis | I32: Executar após implementação mínima funcional | J32: Média | K32: 46131 | L32: =B32&C32&D32&E32
A33: 32 | B33: Testes | C33: Testabilidade da View | D33: View.cs | E33: A View deve manter-se focada em input/output para não dificultar validação posterior | F33: Parcial | G33: A View está bem separada do domínio, mas depende fortemente da consola | H33: Forte componente interactiva dificulta testes automáticos directos | I33: Evitar acrescentar lógica à View e privilegiar validação indirecta/integrada | J33: Média | K33: 46131 | L33: =B33&C33&D33&E33
A34: 33 | B34: Testes | C34: Plano de testes de integração | D34: Registo do Verificador | E34: Devem estar definidos cenários View -> Controller -> Model -> View | F34: Em preparação | G34: Os cenários já podem ser identificados a partir do protótipo e do diagrama | H34: Ainda falta formalizar e calendarizar a execução | I34: Definir cenários de consulta, registo, remoção, erro, reposição e saída | J34: Média | K34: 46131 | L34: =B34&C34&D34&E34
A35: 34 | B35: Testes | C35: Testes de integração executados | D35: Próprio projecto | E35: Os fluxos principais devem ser validados ponta-a-ponta | F35: Não executado nesta fase | G35: A integração estrutural existe, mas a implementação está incompleta e há desvio com a documentação | H35: Ainda não há base estável para validação integrada formal | I35: Executar após fecho funcional mínimo e harmonização código-documentação | J35: Média | K35: 46131 | L35: =B35&C35&D35&E35
L36: =B36&C36&D36&E36

Sheet CheckT3_20260426
A1: ID# | B1: Área | C1: Aspecto verificado | D1: Ficheiro/Local | E1: Critério | F1: Estado | G1: Evidência | H1: Problema detectado | I1: Correcção sugerida | J1: Prioridade | K1: Data
A2: =_xlfn.XLOOKUP(L2,CheckT3_20260419!L:L,CheckT3_20260419!A:A) | B2: Acoplamento | C2: Mediação explícita do Controller nos fluxos de leitura | D2: Controller.cs / arquitectura | E2: Os fluxos principais devem passar explicitamente pelo Controller | F2: Parcial | G2: Em ProcessarOpcao(), as opções "1" e "4" chamam view.MostrarStock() e view.MostrarListaReposicao(); depois é a View que acciona PrecisoDeProdutos e PrecisoDeListaReposicao, ligados ao Model | H2: Nos fluxos de leitura, a mediação do Controller existe apenas até à chamada da View; o pedido ao Model não passa explicitamente por um handler do Controller | I2: Ou ajustar a documentação para reflectir este fluxo real, ou criar handlers explícitos no Controller para consulta e reposição | J2: Alta | K2: 46138 | L2: =B2&C2&D2&E2
A3: =_xlfn.XLOOKUP(L3,CheckT3_20260419!L:L,CheckT3_20260419!A:A) | B3: Documentação | C3: Coerência entre código e diagrama de sequência V5 | D3: Controller.cs / View.cs / diagrama V5 | E3: O fluxo implementado deve coincidir com o fluxo documentado | F3: Não conforme | G3: No código, consulta e reposição seguem Controller -> View -> Model por delegados; no diagrama V5, esses fluxos aparecem como View -> Controller -> Model | H3: Há desvio entre a implementação actual e a documentação submetida | I3: Harmonizar diagrama/documentação com o código, ou refactorizar o código para mediação explícita do Controller até ao Model | J3: Alta | K3: 46138 | L3: =B3&C3&D3&E3
A4: =_xlfn.XLOOKUP(L4,CheckT3_20260419!L:L,CheckT3_20260419!A:A) | B4: Implementação | C4: Ciclo do menu sem recursão acumulada | D4: Controller.cs / View.cs | E4: O fluxo principal não deve acumular chamadas recursivas ao menu | F4: Conforme | G4: View.MostrarMenu() passou a usar while (true) e ProcessarOpcao() já não volta a chamar view.MostrarMenu() | J4: Baixa | K4: 46138 | L4: =B4&C4&D4&E4
A5: =_xlfn.XLOOKUP(L5,CheckT3_20260419!L:L,CheckT3_20260419!A:A) | B5: Implementação | C5: Menu não duplicado em casos de erro de validação | D5: Controller.cs | E5: Em caso de erro de validação, o menu não deve ser reapresentado duas vezes | F5: Conforme | G5: Em RegistarOuAtualizarProduto() e RemoverQuantidade(), em caso de erro apenas é chamado view.MostrarErro(...) e o controlo regressa ao ciclo único do menu na View | J5: Baixa | K5: 46138 | L5: =B5&C5&D5&E5
A6: =_xlfn.XLOOKUP(L6,CheckT3_20260419!L:L,CheckT3_20260419!A:A) | B6: Implementação | C6: Métodos de consulta do Model implementados | D6: Model.cs | E6: SolicitarListaProdutos e SolicitarListaReposicao devem estar funcionais | F6: Conforme | G6: SolicitarListaProdutos copia _listaProdutos para uma nova lista; SolicitarListaReposicao filtra produtos com Quantidade < QuantidadeMinima | H6: Comentários TODO ficaram desactualizados face à implementação real | I6: Actualizar ou remover os comentários TODO | J6: Baixa | K6: 46138 | L6: =B6&C6&D6&E6
A7: =_xlfn.XLOOKUP(L7,CheckT3_20260419!L:L,CheckT3_20260419!A:A) | B7: Implementação | C7: Métodos de lógica de negócio do Model implementados | D7: Model.cs | E7: RegistarOuAtualizarProduto e RemoverQuantidade devem estar funcionais | F7: Conforme | G7: RegistarOuAtualizarProduto adiciona/actualiza produto, chama GuardarDados() e dispara OperacaoConcluida; RemoverQuantidade valida stock, remove, guarda e notifica sucesso/erro | H7: Comentários TODO ficaram desactualizados face à implementação real | I7: Actualizar ou remover os comentários TODO | J7: Baixa | K7: 46138 | L7: =B7&C7&D7&E7
A8: =_xlfn.XLOOKUP(L8,CheckT3_20260419!L:L,CheckT3_20260419!A:A) | B8: Implementação | C8: Persistência JSON implementada | D8: Model.cs | E8: CarregarDados e GuardarDados devem estar funcionais | F8: Conforme | G8: CarregarDados() lê produtos.json e usa JsonConvert.DeserializeObject; GuardarDados() serializa com JsonConvert.SerializeObject e escreve em ficheiro | H8: Comentários TODO ficaram desactualizados face à implementação real | I8: Actualizar ou remover os comentários TODO | J8: Baixa | K8: 46138 | L8: =B8&C8&D8&E8
A9: =_xlfn.XLOOKUP(L9,CheckT3_20260419!L:L,CheckT3_20260419!A:A) | B9: Implementação | C9: Dependência da API JSON declarada no projecto | D9: GestorStockDomestico.csproj | E9: O projecto deve declarar a dependência necessária para Json.NET, se a persistência a usar for mesmo essa | F9: Conforme | G9: Existe <PackageReference Include="Newtonsoft.Json" Version="13.0.3" /> | J9: Baixa | K9: 46138 | L9: =B9&C9&D9&E9
A10: =_xlfn.XLOOKUP(L10,CheckT3_20260419!L:L,CheckT3_20260419!A:A) | B10: Implementação | C10: Pasta de testes preparada | D10: tests/README.md | E10: A área de testes deve ter pelo menos estrutura mínima identificada | F10: Conforme | G10: Existe a pasta tests com README.md a identificar o espaço para testes, casos de teste, resultados e apoio ao verificador | H10: Ainda não há artefactos reais de testes dentro da pasta, apenas a estrutura mínima | I10: Avançar para criação dos ficheiros e registos de testes quando os testes começarem a ser executados | J10: Média | K10: 46138 | L10: =B10&C10&D10&E10
A11: 32 | B11: Testes | C11: Testabilidade da View | D11: View.cs | E11: A View deve manter-se focada em input/output para não dificultar validação posterior. | F11: Conforme | G11: A View está focada em leitura de input, apresentação de output e emissão de eventos; não contém lógica de negócio | J11: Baixa | K11: 46138 | L11: =B11&C11&D11&E11

Sheet CheckT3_20260427
A1: ID# | B1: Área | C1: Aspecto verificado | D1: Ficheiro/Local | E1: Critério | F1: Estado | G1: Evidência | H1: Problema detectado | I1: Correcção sugerida | J1: Prioridade | K1: Data
A2: 1 | B2: MVC | C2: Arranque da aplicação | D2: Program.cs | E2: Program apenas arranca o Controller | F2: Conforme | G2: Controller controller = new Controller(); controller.IniciarPrograma(); | J2: Baixa | K2: 46131 | L2: MVCArranque da aplicaçãoProgram.csProgram apenas arranca o Controller
A3: 2 | B3: MVC | C3: Arranque no Controller | D3: Controller.cs | E3: O ciclo da aplicação deve iniciar no Controller e passar para a View | F3: Conforme | G3: IniciarPrograma() chama view.MostrarMenu(); | J3: Baixa | K3: 46131 | L3: MVCArranque no ControllerController.csO ciclo da aplicação deve iniciar no Controller e passar para a View
A4: 3 | B4: MVC | C4: Controller como ponto central de ligação | D4: Controller.cs | E4: O Controller deve instanciar e ligar View e Model | F4: Conforme | G4: Instancia view e model, carrega dados e faz todas as subscrições no construtor | J4: Baixa | K4: 46131 | L4: MVCController como ponto central de ligaçãoController.csO Controller deve instanciar e ligar View e Model
A5: 4 | B5: MVC | C5: Input entra na View | D5: View.cs | E5: A variante Curry & Grace exige input na View | F5: Conforme | G5: MostrarMenu, PedirDadosProduto e PedirRemocaoQuantidade recolhem o input do utilizador | J5: Baixa | K5: 46131 | L5: MVCInput entra na ViewView.csA variante Curry & Grace exige input na View
A6: 5 | B6: MVC | C6: View não conhece directamente o Model | D6: View.cs | E6: A View não deve instanciar nem referenciar directamente o Model | F6: Conforme | G6: View.cs não instancia nem usa a classe Model; apenas expõe eventos/delegados | J6: Baixa | K6: 46131 | L6: MVCView não conhece directamente o ModelView.csA View não deve instanciar nem referenciar directamente o Model
A7: 6 | B7: MVC | C7: Model não conhece View nem Controller | D7: Model.cs | E7: O Model não deve depender de View nem Controller | F7: Conforme | G7: Model.cs não referencia View nem Controller | J7: Baixa | K7: 46131 | L7: MVCModel não conhece View nem ControllerModel.csO Model não deve depender de View nem Controller
A8: 7 | B8: MVC | C8: Saída apresentada pela View | D8: View.cs | E8: Os resultados devem ser apresentados na View | F8: Conforme | G8: MostrarStock, MostrarListaReposicao, MostrarConfirmacao, MostrarErro, MostrarMensagemFinal | J8: Baixa | K8: 46131 | L8: MVCSaída apresentada pela ViewView.csOs resultados devem ser apresentados na View
A9: 8 | B9: MVC | C9: Papel do Controller limitado à coordenação | D9: Controller.cs | E9: O Controller não deve conter lógica de negócio do domínio | F9: Conforme | G9: Faz encaminhamento, validação básica e coordenação; não implementa regras de stock nem persistência | J9: Baixa | K9: 46131 | L9: MVCPapel do Controller limitado à coordenaçãoController.csO Controller não deve conter lógica de negócio do domínio
A10: 9 | B10: Eventos/Delegados | C10: Input da View chega ao Controller por eventos | D10: Controller.cs | E10: Os inputs do utilizador devem ser recebidos pelo Controller via eventos | F10: Conforme | G10: view.OpcaoSelecionada += ProcessarOpcao;, view.DadosProdutoIntroduzidos += RegistarOuAtualizarProduto;, view.RemocaoSolicitada += RemoverQuantidade; | J10: Baixa | K10: 46131 | L10: Eventos/DelegadosInput da View chega ao Controller por eventosController.csOs inputs do utilizador devem ser recebidos pelo Controller via eventos
A11: 10 | B11: Eventos/Delegados | C11: Pedidos de consulta e reposição estão ligados por delegados | D11: Controller.cs / View.cs | E11: Os pedidos de leitura devem estar formalmente ligados no arranque | F11: Conforme | G11: view.PrecisoDeProdutos += model.SolicitarListaProdutos; e view.PrecisoDeListaReposicao += model.SolicitarListaReposicao; | H11: Este encadeamento contribui para o desvio face ao diagrama V5 nos fluxos de consulta e reposição | I11: Clarificar documentalmente este fluxo ou passar também estes pedidos por handlers explícitos no Controller | J11: Média | K11: 46131 | L11: Eventos/DelegadosPedidos de consulta e reposição estão ligados por delegadosController.cs / View.csOs pedidos de leitura devem estar formalmente ligados no arranque
A12: 11 | B12: Eventos/Delegados | C12: Notificações do Model chegam à View por eventos | D12: Controller.cs | E12: As respostas do Model devem chegar à View por eventos | F12: Conforme | G12: model.OperacaoConcluida += view.MostrarConfirmacao;, model.ErroStockInsuficiente += view.MostrarErro; | J12: Baixa | K12: 46131 | L12: Eventos/DelegadosNotificações do Model chegam à View por eventosController.csAs respostas do Model devem chegar à View por eventos
A13: 12 | B13: Eventos/Delegados | C13: Invocação segura de eventos na View | D13: View.cs | E13: A View deve invocar eventos com verificação nula | F13: Conforme | G13: Uso de ?.Invoke(...) nos eventos de input | J13: Baixa | K13: 46131 | L13: Eventos/DelegadosInvocação segura de eventos na ViewView.csA View deve invocar eventos com verificação nula
A14: 13 | B14: Acoplamento | C14: Ausência de acoplamento estrutural View -> Model | D14: View.cs | E14: A View não deve criar nem conhecer o Model | F14: Conforme | G14: A View apenas expõe contratos de comunicação; não conhece a implementação do Model | J14: Baixa | K14: 46131 | L14: AcoplamentoAusência de acoplamento estrutural View -> ModelView.csA View não deve criar nem conhecer o Model
A15: 14 | B15: Acoplamento | C15: Ausência de acoplamento estrutural Model -> View/Controller | D15: Model.cs | E15: O Model deve estar isolado dos outros componentes | F15: Conforme | G15: O Model apenas expõe eventos e métodos próprios | J15: Baixa | K15: 46131 | L15: AcoplamentoAusência de acoplamento estrutural Model -> View/ControllerModel.csO Model deve estar isolado dos outros componentes
A16: 15 | B16: Acoplamento | C16: Mediação explícita do Controller nos fluxos de leitura | D16: Controller.cs / arquitectura | E16: Os fluxos principais devem passar explicitamente pelo Controller | F16: Parcial | G16: Em ProcessarOpcao(), as opções "1" e "4" chamam view.MostrarStock() e view.MostrarListaReposicao(); depois é a View que acciona PrecisoDeProdutos e PrecisoDeListaReposicao, ligados ao Model | H16: Nos fluxos de leitura, a mediação do Controller existe apenas até à chamada da View; o pedido ao Model não passa explicitamente por um handler do Controller | I16: Ou ajustar a documentação para reflectir este fluxo real, ou criar handlers explícitos no Controller para consulta e reposição | J16: Alta | K16: 46138 | L16: AcoplamentoMediação explícita do Controller nos fluxos de leituraController.cs / arquitecturaOs fluxos principais devem passar explicitamente pelo Controller
A17: 16 | B17: Documentação | C17: Coerência com a variante Curry & Grace adoptada | D17: Código + decisão da equipa | E17: O código deve manter input na View e coordenação geral no Controller | F17: Conforme | G17: O padrão geral do código respeita a decisão arquitectónica assumida | J17: Baixa | K17: 46131 | L17: DocumentaçãoCoerência com a variante Curry & Grace adoptadaCódigo + decisão da equipaO código deve manter input na View e coordenação geral no Controller
A18: 17 | B18: Documentação | C18: Coerência entre código e diagrama de sequência V5 | D18: Controller.cs / View.cs / diagrama V5 | E18: O fluxo implementado deve coincidir com o fluxo documentado | F18: Não conforme | G18: No código, consulta e reposição seguem Controller -> View -> Model por delegados; no diagrama V5, esses fluxos aparecem como View -> Controller -> Model | H18: Há desvio entre a implementação actual e a documentação submetida | I18: Harmonizar diagrama/documentação com o código, ou refactorizar o código para mediação explícita do Controller até ao Model | J18: Alta | K18: 46138 | L18: DocumentaçãoCoerência entre código e diagrama de sequência V5Controller.cs / View.cs / diagrama V5O fluxo implementado deve coincidir com o fluxo documentado
A19: 18 | B19: Implementação | C19: Estrutura base do Controller implementada | D19: Controller.cs | E19: O Controller deve estar funcional ao nível do arranque, coordenação e encerramento | F19: Conforme | G19: Construtor, handlers, IniciarPrograma() e Encerrar() estão implementados | H19: Encerrar() usa Environment.Exit(0), o que dificulta a execução de testes automáticos e de integração no próprio projecto | I19: Substituir por mecanismo de fecho controlado quando se avançar para a fase de testes | J19: Média | K19: 46131 | L19: ImplementaçãoEstrutura base do Controller implementadaController.csO Controller deve estar funcional ao nível do arranque, coordenação e encerramento
A20: 19 | B20: Implementação | C20: Ciclo do menu sem recursão acumulada | D20: Controller.cs / View.cs | E20: O fluxo principal não deve acumular chamadas recursivas ao menu | F20: Conforme | G20: View.MostrarMenu() passou a usar while (true) e ProcessarOpcao() já não volta a chamar view.MostrarMenu() | J20: Baixa | K20: 46138 | L20: ImplementaçãoCiclo do menu sem recursão acumuladaController.cs / View.csO fluxo principal não deve acumular chamadas recursivas ao menu
A21: 20 | B21: Implementação | C21: Menu não duplicado em casos de erro de validação | D21: Controller.cs | E21: Em caso de erro de validação, o menu não deve ser reapresentado duas vezes | F21: Conforme | G21: Em RegistarOuAtualizarProduto() e RemoverQuantidade(), em caso de erro apenas é chamado view.MostrarErro(...) e o controlo regressa ao ciclo único do menu na View | J21: Baixa | K21: 46138 | L21: ImplementaçãoMenu não duplicado em casos de erro de validaçãoController.csEm caso de erro de validação, o menu não deve ser reapresentado duas vezes
A22: 21 | B22: Implementação | C22: Estrutura base da View implementada | D22: View.cs | E22: A View deve suportar menu, recolha de input e apresentação de output | F22: Conforme | G22: Métodos principais da interface de consola estão implementados | J22: Baixa | K22: 46131 | L22: ImplementaçãoEstrutura base da View implementadaView.csA View deve suportar menu, recolha de input e apresentação de output
A23: 22 | B23: Implementação | C23: Leitura válida de inteiros na View | D23: View.cs | E23: A View deve validar input numérico básico | F23: Conforme | G23: LerInteiro() implementado com repetição até valor válido | J23: Baixa | K23: 46131 | L23: ImplementaçãoLeitura válida de inteiros na ViewView.csA View deve validar input numérico básico
A24: 23 | B24: Implementação | C24: Classe de dados Produto definida | D24: Produto.cs | E24: Deve existir uma estrutura de dados para o domínio | F24: Conforme | G24: Classe com Nome, Quantidade, QuantidadeMinima e Unidade | J24: Baixa | K24: 46131 | L24: ImplementaçãoClasse de dados Produto definidaProduto.csDeve existir uma estrutura de dados para o domínio
A25: 24 | B25: Implementação | C25: Métodos de consulta do Model implementados | D25: Model.cs | E25: SolicitarListaProdutos e SolicitarListaReposicao devem estar funcionais | F25: Conforme | G25: SolicitarListaProdutos copia _listaProdutos para uma nova lista; SolicitarListaReposicao filtra produtos com Quantidade < QuantidadeMinima | H25: Comentários TODO ficaram desactualizados face à implementação real | I25: Actualizar ou remover os comentários TODO | J25: Baixa | K25: 46138 | L25: ImplementaçãoMétodos de consulta do Model implementadosModel.csSolicitarListaProdutos e SolicitarListaReposicao devem estar funcionais
A26: 25 | B26: Implementação | C26: Métodos de lógica de negócio do Model implementados | D26: Model.cs | E26: RegistarOuAtualizarProduto e RemoverQuantidade devem estar funcionais | F26: Conforme | G26: RegistarOuAtualizarProduto adiciona/actualiza produto, chama GuardarDados() e dispara OperacaoConcluida; RemoverQuantidade valida stock, remove, guarda e notifica sucesso/erro | H26: Comentários TODO ficaram desactualizados face à implementação real | I26: Actualizar ou remover os comentários TODO | J26: Baixa | K26: 46138 | L26: ImplementaçãoMétodos de lógica de negócio do Model implementadosModel.csRegistarOuAtualizarProduto e RemoverQuantidade devem estar funcionais
A27: 26 | B27: Implementação | C27: Persistência JSON implementada | D27: Model.cs | E27: CarregarDados e GuardarDados devem estar funcionais | F27: Conforme | G27: CarregarDados() lê produtos.json e usa JsonConvert.DeserializeObject; GuardarDados() serializa com JsonConvert.SerializeObject e escreve em ficheiro | H27: Comentários TODO ficaram desactualizados face à implementação real | I27: Actualizar ou remover os comentários TODO | J27: Baixa | K27: 46138 | L27: ImplementaçãoPersistência JSON implementadaModel.csCarregarDados e GuardarDados devem estar funcionais
A28: 27 | B28: Implementação | C28: Dependência da API JSON declarada no projecto | D28: GestorStockDomestico.csproj | E28: O projecto deve declarar a dependência necessária para Json.NET, se a persistência a usar for mesmo essa | F28: Conforme | G28: Existe <PackageReference Include="Newtonsoft.Json" Version="13.0.3" /> | J28: Baixa | K28: 46138 | L28: ImplementaçãoDependência da API JSON declarada no projectoGestorStockDomestico.csprojO projecto deve declarar a dependência necessária para Json.NET, se a persistência a usar for mesmo essa
A29: 28 | B29: Implementação | C29: Pasta de testes preparada | D29: tests/README.md | E29: A área de testes deve ter pelo menos estrutura mínima identificada | F29: Conforme | G29: Existe a pasta tests com README.md a identificar o espaço para testes, casos de teste, resultados e apoio ao verificador | H29: Ainda não há artefactos reais de testes dentro da pasta, apenas a estrutura mínima | I29: Avançar para criação dos ficheiros e registos de testes quando os testes começarem a ser executados | J29: Média | K29: 46138 | L29: ImplementaçãoPasta de testes preparadatests/README.mdA área de testes deve ter pelo menos estrutura mínima identificada
A30: 29 | B30: Testes | C30: Plano de testes unitários | D30: Registo do Verificador | E30: Devem estar definidos casos de teste para Controller e Model | F30: Em preparação | G30: Já é possível identificar operações críticas do Controller e do Model | H30: A matriz ainda não está formalizada | I30: Fechar a matriz de testes unitários no Excel/ficheiro de apoio | J30: Média | K30: 46131 | L30: TestesPlano de testes unitáriosRegisto do VerificadorDevem estar definidos casos de teste para Controller e Model
A31: 30 | B31: Testes | C31: Testes unitários do Controller executados | D31: Próprio projecto | E31: Deve existir validação do encaminhamento e subscrição dos fluxos | F31: Não executado nesta fase | G31: Ainda não existem métodos/casos/resultados de teste integrados no código actual | H31: O trabalho de testes ainda não arrancou formalmente | I31: Executar após fecho mínimo dos fluxos e definição dos cenários | J31: Média | K31: 46131 | L31: TestesTestes unitários do Controller executadosPróprio projectoDeve existir validação do encaminhamento e subscrição dos fluxos
A32: 31 | B32: Testes | C32: Testes unitários do Model executados | D32: Próprio projecto | E32: Deve existir validação da lógica de negócio e persistência | F32: Não executado nesta fase | G32: Os métodos críticos do Model continuam por implementar | H32: O estado actual do Model impede testes unitários úteis | I32: Executar após implementação mínima funcional | J32: Média | K32: 46131 | L32: TestesTestes unitários do Model executadosPróprio projectoDeve existir validação da lógica de negócio e persistência
A33: 32 | B33: Testes | C33: Testabilidade da View | D33: View.cs | E33: A View deve manter-se focada em input/output para não dificultar validação posterior. | F33: Conforme | G33: A View está focada em leitura de input, apresentação de output e emissão de eventos; não contém lógica de negócio | J33: Baixa | K33: 46138 | L33: TestesTestabilidade da ViewView.csA View deve manter-se focada em input/output para não dificultar validação posterior
A34: 33 | B34: Testes | C34: Plano de testes de integração | D34: Registo do Verificador | E34: Devem estar definidos cenários View -> Controller -> Model -> View | F34: Em preparação | G34: Os cenários já podem ser identificados a partir do protótipo e do diagrama | H34: Ainda falta formalizar e calendarizar a execução | I34: Definir cenários de consulta, registo, remoção, erro, reposição e saída | J34: Média | K34: 46131 | L34: TestesPlano de testes de integraçãoRegisto do VerificadorDevem estar definidos cenários View -> Controller -> Model -> View
A35: 34 | B35: Testes | C35: Testes de integração executados | D35: Próprio projecto | E35: Os fluxos principais devem ser validados ponta-a-ponta | F35: Não executado nesta fase | G35: A integração estrutural existe, mas a implementação está incompleta e há desvio com a documentação | H35: Ainda não há base estável para validação integrada formal | I35: Executar após fecho funcional mínimo e harmonização código-documentação | J35: Média | K35: 46131 | L35: TestesTestes de integração executadosPróprio projectoOs fluxos principais devem ser validados ponta-a-ponta

Sheet CheckT4_20260430
A1: ID# | B1: Área | C1: Aspecto verificado | D1: Ficheiro/Local | E1: Critério | F1: Estado | G1: Evidência | H1: Problema detectado | I1: Correcção sugerida | J1: Prioridade | K1: Data
A2: 1 | B2: MVC | C2: Arranque da aplicação | D2: Program.cs | E2: Program apenas arranca o Controller | F2: Conforme | G2: Controller controller = new Controller(); controller.IniciarPrograma(); | J2: Baixa | K2: 46131 | L2: MVCArranque da aplicaçãoProgram.csProgram apenas arranca o Controller
A3: 2 | B3: MVC | C3: Arranque no Controller | D3: Controller.cs | E3: O ciclo da aplicação deve iniciar no Controller e passar para a View | F3: Conforme | G3: IniciarPrograma() chama view.MostrarMenu(); | J3: Baixa | K3: 46131 | L3: MVCArranque no ControllerController.csO ciclo da aplicação deve iniciar no Controller e passar para a View
A4: 3 | B4: MVC | C4: Controller como ponto central de ligação | D4: Controller.cs | E4: O Controller deve instanciar e ligar View e Model | F4: Conforme | G4: Instancia view e model, carrega dados e faz todas as subscrições no construtor | J4: Baixa | K4: 46131 | L4: MVCController como ponto central de ligaçãoController.csO Controller deve instanciar e ligar View e Model
A5: 4 | B5: MVC | C5: Input entra na View | D5: View.cs | E5: A variante Curry & Grace exige input na View | F5: Conforme | G5: MostrarMenu, PedirDadosProduto e PedirRemocaoQuantidade recolhem o input do utilizador | J5: Baixa | K5: 46131 | L5: MVCInput entra na ViewView.csA variante Curry & Grace exige input na View
A6: 5 | B6: MVC | C6: View não conhece directamente o Model | D6: View.cs | E6: A View não deve instanciar nem referenciar directamente o Model | F6: Conforme | G6: View.cs não instancia nem usa a classe Model; apenas expõe eventos/delegados | J6: Baixa | K6: 46131 | L6: MVCView não conhece directamente o ModelView.csA View não deve instanciar nem referenciar directamente o Model
A7: 6 | B7: MVC | C7: Model não conhece View nem Controller | D7: Model.cs | E7: O Model não deve depender de View nem Controller | F7: Conforme | G7: Model.cs não referencia View nem Controller | J7: Baixa | K7: 46131 | L7: MVCModel não conhece View nem ControllerModel.csO Model não deve depender de View nem Controller
A8: 7 | B8: MVC | C8: Saída apresentada pela View | D8: View.cs | E8: Os resultados devem ser apresentados na View | F8: Conforme | G8: MostrarStock, MostrarListaReposicao, MostrarConfirmacao, MostrarErro, MostrarMensagemFinal | J8: Baixa | K8: 46131 | L8: MVCSaída apresentada pela ViewView.csOs resultados devem ser apresentados na View
A9: 8 | B9: MVC | C9: Papel do Controller limitado à coordenação | D9: Controller.cs | E9: O Controller não deve conter lógica de negócio do domínio | F9: Conforme | G9: Faz encaminhamento, validação básica e coordenação; não implementa regras de stock nem persistência | J9: Baixa | K9: 46131 | L9: MVCPapel do Controller limitado à coordenaçãoController.csO Controller não deve conter lógica de negócio do domínio
A10: 9 | B10: Eventos/Delegados | C10: Input da View chega ao Controller por eventos | D10: Controller.cs | E10: Os inputs do utilizador devem ser recebidos pelo Controller via eventos | F10: Conforme | G10: view.OpcaoSelecionada += ProcessarOpcao;, view.DadosProdutoIntroduzidos += RegistarOuAtualizarProduto;, view.RemocaoSolicitada += RemoverQuantidade; | J10: Baixa | K10: 46131 | L10: Eventos/DelegadosInput da View chega ao Controller por eventosController.csOs inputs do utilizador devem ser recebidos pelo Controller via eventos
A11: 10 | B11: Eventos/Delegados | C11: Pedidos de consulta e reposição estão ligados por delegados | D11: Controller.cs / View.cs | E11: Os pedidos de leitura devem estar formalmente ligados no arranque | F11: Não conforme | G11: No código actual, os fluxos de leitura são tratados por métodos explícitos do Controller (MostrarStock e MostrarListaReposicao) e não por delegados ligados no arranque | H11: A linha de verificação deixou de corresponder à implementação actual | I11: Actualizar esta verificação para reflectir a mediação explícita do Controller nos fluxos de leitura | J11: Média | K11: 46143 | L11: Eventos/DelegadosPedidos de consulta e reposição estão ligados por delegadosController.cs / View.csOs pedidos de leitura devem estar formalmente ligados no arranque
A12: 11 | B12: Eventos/Delegados | C12: Notificações do Model chegam à View por eventos | D12: Controller.cs | E12: As respostas do Model devem chegar à View por eventos | F12: Conforme | G12: model.OperacaoConcluida += view.MostrarConfirmacao;, model.ErroStockInsuficiente += view.MostrarErro; | J12: Baixa | K12: 46131 | L12: Eventos/DelegadosNotificações do Model chegam à View por eventosController.csAs respostas do Model devem chegar à View por eventos
A13: 12 | B13: Eventos/Delegados | C13: Invocação segura de eventos na View | D13: View.cs | E13: A View deve invocar eventos com verificação nula | F13: Conforme | G13: Uso de ?.Invoke(...) nos eventos de input | J13: Baixa | K13: 46131 | L13: Eventos/DelegadosInvocação segura de eventos na ViewView.csA View deve invocar eventos com verificação nula
A14: 13 | B14: Acoplamento | C14: Ausência de acoplamento estrutural View -> Model | D14: View.cs | E14: A View não deve criar nem conhecer o Model | F14: Conforme | G14: A View apenas expõe contratos de comunicação; não conhece a implementação do Model | J14: Baixa | K14: 46131 | L14: AcoplamentoAusência de acoplamento estrutural View -> ModelView.csA View não deve criar nem conhecer o Model
A15: 14 | B15: Acoplamento | C15: Ausência de acoplamento estrutural Model -> View/Controller | D15: Model.cs | E15: O Model deve estar isolado dos outros componentes | F15: Conforme | G15: O Model apenas expõe eventos e métodos próprios | J15: Baixa | K15: 46131 | L15: AcoplamentoAusência de acoplamento estrutural Model -> View/ControllerModel.csO Model deve estar isolado dos outros componentes
A16: 15 | B16: Acoplamento | C16: Mediação explícita do Controller nos fluxos de leitura | D16: Controller.cs / arquitectura | E16: Os fluxos principais devem passar explicitamente pelo Controller | F16: Conforme | G16: Em ProcessarOpcao(), as opções "1" e "4" chamam métodos explícitos do Controller (MostrarStock e MostrarListaReposicao), que obtêm os dados do Model e os passam à View | J16: Baixa | K16: 46143 | L16: AcoplamentoMediação explícita do Controller nos fluxos de leituraController.cs / arquitecturaOs fluxos principais devem passar explicitamente pelo Controller
A17: 16 | B17: Documentação | C17: Coerência com a variante Curry & Grace adoptada | D17: Código + decisão da equipa | E17: O código deve manter input na View e coordenação geral no Controller | F17: Conforme | G17: O padrão geral do código respeita a decisão architectónica assumida | J17: Baixa | K17: 46131 | L17: DocumentaçãoCoerência com a variante Curry & Grace adoptadaCódigo + decisão da equipaO código deve manter input na View e coordenação geral no Controller
A18: 17 | B18: Documentação | C18: Coerência entre código e diagrama de sequência V5 | D18: Controller.cs / View.cs / diagrama V5 | E18: O fluxo implementado deve coincidir com o fluxo documentado | F18: Conforme | G18: No código actual, o input entra na View, passa ao Controller por evento e os fluxos de leitura são mediados explicitamente pelo Controller antes da chamada ao Model | J18: Baixa | K18: 46143 | L18: DocumentaçãoCoerência entre código e diagrama de sequência V5Controller.cs / View.cs / diagrama V5O fluxo implementado deve coincidir com o fluxo documentado
A19: 18 | B19: Implementação | C19: Estrutura base do Controller implementada | D19: Controller.cs | E19: O Controller deve estar funcional ao nível do arranque, coordenação e encerramento | F19: Conforme | G19: Construtor, handlers, IniciarPrograma() e Encerrar() estão implementados; o fecho é feito com _executando = false | J19: Baixa | K19: 46143 | L19: ImplementaçãoEstrutura base do Controller implementadaController.csO Controller deve estar funcional ao nível do arranque, coordenação e encerramento
A20: 19 | B20: Implementação | C20: Ciclo do menu sem recursão acumulada | D20: Controller.cs / View.cs | E20: O fluxo principal não deve acumular chamadas recursivas ao menu | F20: Conforme | G20: View.MostrarMenu() passou a usar while (true) e ProcessarOpcao() já não volta a chamar view.MostrarMenu() | J20: Baixa | K20: 46138 | L20: ImplementaçãoCiclo do menu sem recursão acumuladaController.cs / View.csO fluxo principal não deve acumular chamadas recursivas ao menu
A21: 20 | B21: Implementação | C21: Menu não duplicado em casos de erro de validação | D21: Controller.cs | E21: Em caso de erro de validação, o menu não deve ser reapresentado duas vezes | F21: Conforme | G21: Em RegistarOuAtualizarProduto() e RemoverQuantidade(), em caso de erro apenas é chamado view.MostrarErro(...) e o controlo regressa ao ciclo único do menu na View | J21: Baixa | K21: 46138 | L21: ImplementaçãoMenu não duplicado em casos de erro de validaçãoController.csEm caso de erro de validação, o menu não deve ser reapresentado duas vezes
A22: 21 | B22: Implementação | C22: Estrutura base da View implementada | D22: View.cs | E22: A View deve suportar menu, recolha de input e apresentação de output | F22: Conforme | G22: Métodos principais da interface de consola estão implementados | J22: Baixa | K22: 46131 | L22: ImplementaçãoEstrutura base da View implementadaView.csA View deve suportar menu, recolha de input e apresentação de output
A23: 22 | B23: Implementação | C23: Leitura válida de inteiros na View | D23: View.cs | E23: A View deve validar input numérico básico | F23: Conforme | G23: LerInteiro() implementado com repetição até valor válido | J23: Baixa | K23: 46131 | L23: ImplementaçãoLeitura válida de inteiros na ViewView.csA View deve validar input numérico básico
A24: 23 | B24: Implementação | C24: Classe de dados Produto definida | D24: Produto.cs | E24: Deve existir uma estrutura de dados para o domínio | F24: Conforme | G24: Classe com Nome, Quantidade, QuantidadeMinima e Unidade | J24: Baixa | K24: 46131 | L24: ImplementaçãoClasse de dados Produto definidaProduto.csDeve existir uma estrutura de dados para o domínio
A25: 24 | B25: Implementação | C25: Métodos de consulta do Model implementados | D25: Model.cs | E25: SolicitarListaProdutos e SolicitarListaReposicao devem estar funcionais | F25: Conforme | G25: SolicitarListaProdutos copia _listaProdutos para uma nova lista; SolicitarListaReposicao filtra produtos com Quantidade < QuantidadeMinima | H25: Comentários TODO ficaram desactualizados face à implementação real | I25: Actualizar ou remover os comentários TODO | J25: Baixa | K25: 46138 | L25: ImplementaçãoMétodos de consulta do Model implementadosModel.csSolicitarListaProdutos e SolicitarListaReposicao devem estar funcionais
A26: 25 | B26: Implementação | C26: Métodos de lógica de negócio do Model implementados | D26: Model.cs | E26: RegistarOuAtualizarProduto e RemoverQuantidade devem estar funcionais | F26: Conforme | G26: RegistarOuAtualizarProduto adiciona/actualiza produto, chama GuardarDados() e dispara OperacaoConcluida; RemoverQuantidade valida stock, remove, guarda e notifica sucesso/erro | H26: Comentários TODO ficaram desactualizados face à implementação real | I26: Actualizar ou remover os comentários TODO | J26: Baixa | K26: 46138 | L26: ImplementaçãoMétodos de lógica de negócio do Model implementadosModel.csRegistarOuAtualizarProduto e RemoverQuantidade devem estar funcionais
A27: 26 | B27: Implementação | C27: Persistência JSON implementada | D27: Model.cs | E27: CarregarDados e GuardarDados devem estar funcionais | F27: Conforme | G27: CarregarDados() lê produtos.json e usa JsonConvert.DeserializeObject; GuardarDados() serializa com JsonConvert.SerializeObject e escreve em ficheiro | H27: Comentários TODO ficaram desactualizados face à implementação real | I27: Actualizar ou remover os comentários TODO | J27: Baixa | K27: 46138 | L27: ImplementaçãoPersistência JSON implementadaModel.csCarregarDados e GuardarDados devem estar funcionais
A28: 27 | B28: Implementação | C28: Dependência da API JSON declarada no projecto | D28: GestorStockDomestico.csproj | E28: O projecto deve declarar a dependência necessária para Json.NET, se a persistência a usar for mesmo essa | F28: Conforme | G28: Existe <PackageReference Include="Newtonsoft.Json" Version="13.0.3" /> | J28: Baixa | K28: 46138 | L28: ImplementaçãoDependência da API JSON declarada no projectoGestorStockDomestico.csprojO projecto deve declarar a dependência necessária para Json.NET, se a persistência a usar for mesmo essa
A29: 28 | B29: Implementação | C29: Pasta de testes preparada | D29: tests/README.md | E29: A área de testes deve ter pelo menos estrutura mínima identificada | F29: Conforme | G29: Existe a pasta tests com README.md a identificar o espaço para testes, casos de teste, resultados e apoio ao verificador | H29: Ainda não há artefactos reais de testes dentro da pasta, apenas a estrutura mínima | I29: Avançar para criação dos ficheiros e registos de testes quando os testes começarem a ser executados | J29: Média | K29: 46138 | L29: ImplementaçãoPasta de testes preparadatests/README.mdA área de testes deve ter pelo menos estrutura mínima identificada
A30: 29 | B30: Testes | C30: Plano de testes unitários | D30: Registo do Verificador | E30: Devem estar definidos casos de teste para Controller e Model | F30: Conforme | G30: O plano final actualizado já inclui testes unitários para Controller e Model, além de View | J30: Baixa | K30: 46143 | L30: TestesPlano de testes unitáriosRegisto do VerificadorDevem estar definidos casos de teste para Controller e Model
A31: 30 | B31: Testes | C31: Testes unitários do Controller executados | D31: Próprio projecto | E31: Deve existir validação do encaminhamento e subscrição dos fluxos | F31: Não executado nesta fase | G31: Não existem ainda registos formais de execução isolada do Controller | H31: O trabalho formal de execução dos testes unitários do Controller ainda não arrancou | I31: Executar e registar cenários do plano final | J31: Alta | K31: 46143 | L31: TestesTestes unitários do Controller executadosPróprio projectoDeve existir validação do encaminhamento e subscrição dos fluxos
A32: 31 | B32: Testes | C32: Testes unitários do Model executados | D32: Próprio projecto | E32: Deve existir validação da lógica de negócio e persistência | F32: Não executado nesta fase | G32: Não existem ainda registos formais de execução isolada do Model | H32: O trabalho formal de execução dos testes unitários do Model ainda não arrancou | I32: Executar e registar cenários do plano final | J32: Alta | K32: 46143 | L32: TestesTestes unitários do Model executadosPróprio projectoDeve existir validação da lógica de negócio e persistência
A33: 32 | B33: Testes | C33: Testabilidade da View | D33: View.cs | E33: A View deve manter-se focada em input/output para não dificultar validação posterior. | F33: Conforme | G33: A View está focada em leitura de input, apresentação de output e emissão de eventos; não contém lógica de negócio | J33: Baixa | K33: 46138 | L33: TestesTestabilidade da ViewView.csA View deve manter-se focada em input/output para não dificultar validação posterior
A34: 33 | B34: Testes | C34: Plano de testes de integração | D34: Registo do Verificador | E34: Devem estar definidos cenários View -> Controller -> Model -> View | F34: Conforme | G34: O plano final actualizado já inclui testes de integração de baixo para cima e de explosão | J34: Baixa | K34: 46143 | L34: TestesPlano de testes de integraçãoRegisto do VerificadorDevem estar definidos cenários View -> Controller -> Model -> View
A35: 34 | B35: Testes | C35: Testes de integração executados | D35: Próprio projecto | E35: Os fluxos principais devem ser validados ponta-a-ponta | F35: Não executado nesta fase | G35: Não existem ainda registos formais completos de execução dos testes de integração no projecto | H35: A execução formal dos testes de integração ainda não arrancou | I35: Executar e registar os cenários do plano final | J35: Alta | K35: 46143 | L35: TestesTestes de integração executadosPróprio projectoOs fluxos principais devem ser validados ponta-a-ponta
A36: 35 | B36: Testes | C36: Mapear os testes: plano final actualizado e categorizado | D36: Testes.xlsx / Plano de Testes | E36: O plano de testes deve reflectir a divisão final em 5 categorias e preservar IDs, tipos e restantes atributos definidos | F36: Conforme | G36: O plano final já distingue Testes Estáticos, Testes Unitários Dinâmicos – Caixa Fechada, Testes Unitários Dinâmicos – Caixa Aberta, Testes de Integração – De Baixo para Cima e Testes de Integração – Explosão, com IDs e tipos preenchidos | J36: Baixa | K36: 46141
A37: 36 | B37: Testes | C37: Plano de testes estáticos definido | D37: Testes.xlsx / Plano de Testes | E37: Devem existir testes estáticos para Model, Controller, View, Arquitectura MVC, Excepções e Persistência | F37: Conforme | G37: MS1-MS4, CS1-CS4, VS1-VS4 e GES1-GES5 estão definidos | J37: Baixa | K37: 46141
A38: 37 | B38: Testes | C38: Plano de testes unitários dinâmicos – caixa fechada definido | D38: Testes.xlsx / Plano de Testes | E38: Devem existir testes de View, Controller e Model para comportamento observável | F38: Conforme | G38: VU1-VU5, CU2/CU5/CU6/CU7, GUV1-GUV4/GUV10, GUC2-GUC3 e GUM1-GUM5/GUM8 estão definidos | J38: Baixa | K38: 46141
A39: 38 | B39: Testes | C39: Plano de testes unitários dinâmicos – caixa aberta definido | D39: Testes.xlsx / Plano de Testes | E39: Devem existir testes que validem eventos, estado interno, persistência e propagação de erros | F39: Conforme | G39: MU5-MU7, VU6-VU8, CU8-CU11, GUV5-GUV7 e GUM6-GUM7 estão definidos | J39: Baixa | K39: 46141
A40: 39 | B40: Testes | C40: Plano de testes de integração – de baixo para cima definido | D40: Testes.xlsx / Plano de Testes | E40: Devem existir testes de integração incremental entre Model, Controller, View e Persistência | F40: Conforme | G40: MI1, VI1, CI1, CI2, CI4 e GIB2-GIB5 estão definidos | J40: Baixa | K40: 46141
A41: 40 | B41: Testes | C41: Plano de testes de integração – explosão definido | D41: Testes.xlsx / Plano de Testes | E41: Devem existir testes completos de fluxo e de robustez do sistema | F41: Conforme | G41: VI2, CI7, GIG1-GIG7 e GEG3-GEG6 estão definidos | J41: Baixa | K41: 46141
A42: 41 | B42: Testes | C42: Testes de observação executados e ligados ao plano de verificações | D42: Próprio projecto / código | E42: Os testes de observação devem estar efectivamente suportados por verificações do código | F42: Conforme | G42: As observações estáticas do Model, Controller, View, Arquitectura MVC, Excepções e Persistência foram efectuadas e podem ser associadas às linhas MS, CS, VS e GES | J42: Baixa | K42: 46141
A43: 42 | B43: Testes | C43: Testes manuais preliminares executados e registados | D43: Próprio projecto / registo da equipa | E43: Os testes manuais já corridos pela equipa devem ficar identificados no plano de testes | F43: Parcial | G43: Há evidência preliminar registada pela equipa para opção inválida, registo inválido, remoção inválida, repetição da lista de reposição, saída controlada e fluxo válido de registo+consulta | H43: Nem todos os testes manuais do plano foram ainda executados ou formalmente registados | I43: Manter preenchidas apenas as linhas com execução manual explicitamente confirmada e deixar as restantes em branco até validação formal | J43: Média | K43: 46141
A44: 43 | B44: Testes | C44: Cobertura de observação do Model quanto a encapsulamento, responsabilidades e persistência | D44: Model.cs | E44: O Model deve proteger o estado interno, concentrar a lógica de negócio e a persistência JSON | F44: Conforme | G44: _listaProdutos é privado; as listas devolvidas são cópias; CarregarDados e GuardarDados residem no Model | J44: Baixa | K44: 46141
A45: 44 | B45: Testes | C45: Cobertura de observação da View quanto a I/O, apresentação e delegação | D45: View.cs | E45: A View deve concentrar I/O e apresentação, delegando decisões ao Controller | F45: Conforme | G45: Console.ReadLine() e Console.WriteLine() estão na View; a View emite eventos, apresenta dados e não contém lógica de negócio | J45: Baixa | K45: 46141
A46: 45 | B46: Testes | C46: Cobertura de observação do Controller quanto a coordenação, dependências e fecho controlado | D46: Controller.cs | E46: O Controller deve coordenar View e Model, sem lógica de negócio, e encerrar sem Environment.Exit | F46: Conforme | G46: O Controller instancia View e Model, medeia fluxos, trata excepções de chamada e encerra com _executando = false | J46: Baixa | K46: 46141
A47: 46 | B47: Excepções | C47: Excepções implementadas respeitam o estilo MVC em todos os componentes | D47: Controller.cs / Model.cs / View.cs | E47: O tratamento de erros não deve ficar concentrado só num componente e deve respeitar as responsabilidades MVC | F47: Parcial | G47: Erros de input e falhas de operação são tratados no Controller; stock insuficiente é sinalizado pelo Model; a View apenas apresenta mensagens | H47: Falta confirmação formal e registo específico do comportamento perante falhas técnicas de persistência JSON | I47: Definir e registar política mínima para erros técnicos de leitura/escrita JSON | J47: Média | K47: 46141
A48: 47 | B48: Documentação | C48: Verificação final: coerência entre diagramas, código e decisões architectónicas | D48: Diagramas / código / decisão Curry & Grace | E48: Diagramas, código e decisão architectónica devem ficar coerentes entre si | F48: Parcial | G48: No repositório actual não foram encontrados diagramas finais revistos; o código está coerente com Curry & Grace, mas falta fecho documental | H48: Falta fecho documental final no confronto com diagramas finais revistos | I48: Fechar a revisão final dos diagramas e alinhar os artefactos | J48: Alta | K48: 46141
A49: 48 | B49: Testes | C49: Verificação de conformidade MVC + apoio à validação e testes de integração entre componentes | D49: Código + fluxos MVC + registo do Verificador | E49: O fluxo deve manter-se coerente com MVC durante a validação integrada entre componentes | F49: Conforme | G49: O código actual mantém input na View, coordenação no Controller, lógica e persistência no Model, apresentação na View, e suporta o plano de integração definido | J49: Baixa | K49: 46141
A50: 49 | B50: Excepções | C50: Persistência com falha técnica | D50: Model.cs / produtos.json / GestorStockDomestico.csproj | E50: O sistema deve reagir de forma controlada quando o ficheiro JSON não existe, está vazio, corrupto ou bloqueado | F50: Parcial | G50: CarregarDados() absorve excepções de leitura e inicializa lista vazia; GuardarDados() lança excepções para o Controller, que as apresenta na View | H50: Leitura de JSON vazio, corrupto ou bloqueado não é distinguida de ficheiro inexistente e pode mascarar falhas | I50: Executar cenários de ficheiro inexistente, vazio, corrupto e bloqueado e registar o comportamento observado | J50: Alta | K50: 46141
A51: 50 | B51: Documentação | C51: Coerência documental final entre diagramas e código | D51: Diagramas finais / código / decisão Curry & Grace | E51: Os diagramas finais devem ficar totalmente alinhados com o código actual e com a arquitectura adoptada | F51: Parcial | G51: No repositório actual não existem artefactos documentais finais suficientes para fechar esta verificação | H51: Falta confirmação formal de que os diagramas finais reflectem o fluxo realmente implementado | I51: Comparar a última versão dos diagramas com o código actual e actualizar o artefacto que estiver desalinhado | J51: Alta | K51: 46141
A52: 51 | B52: Implementação | C52: Estado persistido após reinício da aplicação | D52: Model.cs / Controller.cs / produtos.json | E52: O estado dos dados deve manter-se correcto após registo, remoção, consulta e reinício da aplicação | F52: Em preparação | G52: Existe teste previsto para sequência realista, mas a verificação formal ainda não foi fechada | H52: Falta confirmação formal de persistência correcta após reinício | I52: Executar e registar cenário completo de registo, remoção, consulta e reinício da aplicação | J52: Alta | K52: 46141
A53: 52 | B53: Excepções | C53: Tratamento de produto inexistente | D53: Controller.cs / Model.cs / View.cs | E53: A tentativa de operar sobre produto inexistente deve produzir erro controlado, sem crash e sem alteração de estado | F53: Parcial | G53: Em RemoverQuantidade(), produto inexistente é tratado como stock insuficiente e o fluxo termina sem crash e sem alteração de estado | H53: O sistema não distingue explicitamente produto inexistente de stock insuficiente | I53: Executar e registar cenários de produto inexistente e decidir se a mensagem deve ser diferenciada | J53: Alta | K53: 46141
A54: 53 | B54: Implementação | C54: Comportamento com lista vazia / stock vazio | D54: View.cs / Controller.cs / Model.cs | E54: O sistema deve apresentar correctamente stock vazio e lista de reposição vazia, sem erros nem mensagens incoerentes | F54: Conforme | G54: MostrarStock() apresenta "Sem produtos." quando a lista está vazia; MostrarListaReposicao() apresenta "Nenhum produto abaixo do mínimo." | J54: Baixa | K54: 46141
A55: 54 | B55: Acoplamento | C55: Protecção do estado interno do Model (deep copy) | D55: Model.cs | E55: As listas devolvidas pelo Model não devem permitir alteração externa do estado interno | F55: Conforme | G55: SolicitarListaProdutos() e SolicitarListaReposicao() limpam a lista recebida e adicionam novos objectos Produto, sem devolver a lista interna | J55: Baixa | K55: 46141
A56: 55 | B56: Implementação | C56: Fecho controlado compatível com testes | D56: Controller.cs / Program.cs | E56: O encerramento da aplicação deve ocorrer sem Environment.Exit e sem impedir a execução controlada de testes | F56: Conforme | G56: Encerrar() chama GuardarDados(), mostra mensagem final e termina o ciclo com _executando = false; não existe Environment.Exit no fluxo efectivo | J56: Baixa | K56: 46141
A57: 56 | B57: Comunicação entre componentes | C57: Uso de ref na comunicação entre componentes | D57: Controller.cs / View.cs / Model.cs / fluxos de integração | E57: O uso de ref só deve existir quando for tecnicamente necessário, sem introduzir acoplamento desnecessário, ambiguidade no fluxo de dados ou quebra da coerência MVC | F57: Parcial | G57: O código usa ref em SolicitarListaProdutos(ref lista) e SolicitarListaReposicao(ref lista), mas os métodos apenas limpam e preenchem a lista recebida, sem necessidade técnica evidente de ref | H57: O uso de ref parece dispensável e aumenta complexidade sem ganho funcional claro | I57: Avaliar remoção de ref das assinaturas e chamadas, mantendo a mesma lógica de preenchimento da lista | J57: Média | K57: 46141

Sheet Plano de Testes
A1: Plano de testes | C1: (Coluna "Obs.) refere o ID# do Plano de Verificações correspondente)
A2: Equipa: Codezilla
A4: Testes Estáticos
A5: ID | B5: Módulo/Componente | C5: Descrição | D5: Dados de Input | E5: Resultado esperado | F5: Auto/Manual | G5: Sugerido por | H5: Sugerido em: | I5: Criado/Testado por: | J5: Corrido em: | K5: Resultado Obtido | L5: Obs.
A6: MS1 | B6: Model | C6: Verificar conformidade do Model com MVC | D6: Não aplicável | E6: O Model não referencia diretamente a View nem o Controller | F6: Observação | G6: AF | H6: 46141 | I6: LR | J6: 46141 | K6: Confirmado: o Model não referencia directamente a View nem o Controller. | L6: 6;43
A7: MS2 | B7: Model | C7: Inspeção de encapsulamento do estado interno | D7: Código do Model | E7: A lista de produtos não é exposta diretamente ao exterior | F7: Observação | G7: AF | H7: 46141 | I7: LR | J7: 46141 | K7: Confirmado: as listas devolvidas são cópias e não expõem directamente _listaProdutos. | L7: 43
A8: MS3 | B8: Model | C8: Verificação de correspondência com diagramas | D8: Código e diagramas | E8: Métodos e responsabilidades correspondem ao modelo definido | F8: Observação | G8: AF | H8: 46141 | I8: LR | J8: 46141 | K8: Confirmado no código actual: o Model concentra estado, lógica de negócio e persistência; falta apenas o fecho documental final com os diagramas actualizados. | L8: 43;47
A9: MS4 | B9: Model | C9: Verificação da persistência integrada | D9: Código do Model | E9: Persistência JSON ocorre apenas no Model | F9: Observação | G9: AF | H9: 46141 | I9: LR | J9: 46141 | K9: Confirmado: a persistência JSON está implementada no Model através de CarregarDados e GuardarDados. | L9: 26;27;43
A10: CS1 | B10: Controller | C10: Conformidade com MVC | D10: Não aplicável | E10: Controller coordena View e Model | F10: Observação | G10: KA | H10: 46141 | I10: LR | J10: 46141 | K10: Confirmado: o Controller coordena View e Model e medeia os fluxos principais. | L10: 3;8;45
A11: CS2 | B11: Controller | C11: Verificação de dependências | D11: Código do Controller | E11: View não comunica diretamente com Model | F11: Observação | G11: KA | H11: 46141 | I11: LR | J11: 46141 | K11: Confirmado: a View não referencia directamente o Model; a coordenação é feita pelo Controller. | L11: 13;45
A12: CS3 | B12: Controller | C12: Correspondência com diagramas | D12: Código e diagramas | E12: Fluxo MVC correto | F12: Observação | G12: KA | H12: 46141 | I12: LR | J12: 46141 | K12: Parcial: o fluxo MVC do código actual é correcto; falta confirmação documental final com os diagramas actualizados. | L12: 45;47
A13: CS4 | B13: Controller | C13: Tratamento de responsabilidades | D13: Código do Controller | E13: Controller não contém lógica de negócio | F13: Observação | G13: KA | H13: 46141 | I13: LR | J13: 46141 | K13: Confirmado: o Controller coordena, valida fluxos e trata chamadas, sem conter lógica de stock ou persistência. | L13: 8;45
A14: VS1 | B14: View | C14: Verificar conformidade da View com MVC | D14: Não aplicável | E14: A View não referencia diretamente o Model nem contém lógica de negócio | F14: Observação | G14: CB | H14: 46141 | I14: LR | J14: 46141 | K14: Confirmado: a View não referencia directamente o Model e limita-se a input/output e apresentação. | L14: 5;44
A15: VS2 | B15: View | C15: Inspeção da responsabilidade exclusiva de I/O | D15: Código da View | E15: Todos os Console.ReadLine() e Console.WriteLine() estão nas classes View, nunca no Controller ou Model | F15: Observação | G15: CB | H15: 46141 | I15: LR | J15: 46141 | K15: Confirmado: as operações de consola estão concentradas na View. | L15: 44
A16: VS3 | B16: View | C16: Verificação de correspondência com diagramas | D16: Código e diagramas | E16: Métodos e fluxos de apresentação correspondem ao diagrama de sequência definido | F16: Observação | G16: CB | H16: 46141 | I16: LR | J16: 46141 | K16: Parcial: os métodos de apresentação do código actual são coerentes; falta validação documental final com os diagramas actualizados. | L16: 44;47
A17: VS4 | B17: View | C17: Verificação da separação de responsabilidades | D17: Código da View | E17: A View delega decisões ao Controller sem executar validações de negócio (ex.: verificação de stock) | F17: Observação | G17: CB | H17: 46141 | I17: LR | J17: 46141 | K17: Confirmado: a View emite eventos e apresenta resultados, sem executar validações de negócio. | L17: 44
A18: GES1 | B18: Arquitectura MVC | C18: Rever se o fluxo global respeita a variante Curry & Grace adoptada | D18: Código-fonte actual + diagrama V5 + decisão arquitectónica | E18: Confirma-se input na View, coordenação no Controller e lógica de domínio no Model, sem contradições graves com a arquitectura assumida | F18: Observação | G18: LR | H18: 46140 | I18: LR | J18: 46141 | K18: Confirmado: o código actual respeita a variante Curry & Grace. | L18: 16;48
A19: GES2 | B19: Controller / fluxos de leitura | C19: Rever se os fluxos de consulta e reposição ficam explicitamente mediados pelo Controller | D19: Controller.cs + View.cs + diagrama V5 | E19: Fica claro se o fluxo real é compatível com o diagrama ou se o desvio documental se mantém | F19: Observação | G19: LR | H19: 46140 | I19: LR | J19: 46141 | K19: Confirmado no código actual: a consulta e a reposição passam pelo Controller antes do acesso ao Model; falta apenas o fecho documental final. | L19: 45;47
A20: GES3 | B20: View | C20: Rever se a View está limitada a input/output e não assume lógica do Model | D20: View.cs | E20: A View mantém responsabilidades de interface, sem regras de negócio nem persistência | F20: Observação | G20: LR | H20: 46140 | I20: LR | J20: 46141 | K20: Confirmado: a View está limitada a input/output e apresentação. | L20: 44
A21: GES4 | B21: Excepções MVC | C21: Rever a distribuição do tratamento de erros pelos componentes | D21: Controller.cs + Model.cs + View.cs | E21: Os erros de input ficam no Controller/View, os de domínio no Model e a apresentação de erro na View | F21: Observação | G21: LR | H21: 46140 | I21: LR | J21: 46141 | K21: Parcial: a distribuição observável dos erros cumpre MVC; falta registo formal para falhas técnicas de persistência. | L21: 46
A22: GES5 | B22: Persistência / projecto | C22: Rever se a persistência JSON está coerente entre código e configuração do projecto | D22: Model.cs + GestorStockDomestico.csproj | E22: O projecto referencia Json.NET e o código de carregar/guardar dados está coerente com essa decisão | F22: Observação | G22: LR | H22: 46140 | I22: LR | J22: 46141 | K22: Confirmado: a referência a Newtonsoft.Json existe no projecto e a leitura/escrita JSON está implementada no Model. | L22: 27;43
A24: Testes Unitários Dinâmicos – Caixa Fechada
A25: ID | B25: Módulo/Componente | C25: Descrição | D25: Dados de Input | E25: Resultado esperado | F25: Auto/Manual | G25: Sugerido por | H25: Sugerido em: | I25: Criado/Testado por: | J25: Corrido em: | K25: Resultado Obtido | L25: Obs.
A26: VU1 | B26: View | C26: Apresentação do menu principal | D26: Iniciar aplicação | E26: Todas as opções do menu apresentadas corretamente na consola | F26: Manual | G26: CB | H26: 46141 | I26: PN | J26: 46138 | K26: Confirmado em validação manual preliminar: o menu principal foi apresentado correctamente nos cenários executados. | L26: 42
A27: VU2 | B27: View | C27: Recolha de dados de novo produto | D27: Seleção da opção de adicionar produto | E27: Prompts apresentados para nome, quantidade e stock mínimo; input recolhido e passado ao Controller | F27: Manual | G27: CB | H27: 46141 | I27: PN | J27: 46138 | K27: Confirmado em validação manual preliminar: os prompts de registo foram apresentados e o fluxo válido de introdução de dados foi concluído. | L27: 42
A28: VU3 | B28: View | C28: Apresentação da lista de stock atual | D28: Dados de produtos fornecidos pelo Controller | E28: Lista de produtos formatada e exibida corretamente na consola | F28: Manual | G28: CB | H28: 46141 | I28: PN | J28: 46138 | K28: Confirmado em validação manual preliminar: após registo do produto, o stock foi apresentado correctamente. | L28: 42
A29: VU5 | B29: View | C29: Apresentação de mensagem de sucesso | D29: Resultado de operação bem-sucedida do Controller | E29: Mensagem de confirmação apresentada ao utilizador após registo ou atualização | F29: Manual | G29: CB | H29: 46141 | I29: PN | J29: 46138 | K29: Confirmado em validação manual preliminar: o fluxo válido apresentou confirmação ao utilizador. | L29: 42
A30: CU2 | B30: Controller | C30: Mostrar stock com dados | D30: Opção "1" | E30: Lista correta apresentada | F30: Auto | G30: KA | H30: 46141
A31: CU5 | B31: Controller | C31: Remover quantidade válida | D31: Quantidade ≤ stock | E31: Remoção correta | F31: Auto | G31: KA | H31: 46141
A32: CU6 | B32: Controller | C32: Lista de reposição | D32: Opção "4" | E32: Lista correta apresentada | F32: Auto | G32: KA | H32: 46141
A33: CU7 | B33: Controller | C33: Opção inválida | D33: "abc", "7" | E33: Mensagem de erro sem crash | F33: Auto | G33: KA | H33: 46141
A34: GUV1 | B34: View | C34: Menu aceita opção válida de consulta | D34: 1 | E34: É emitido o evento OpcaoSelecionada com o valor "1" | F34: Auto | G34: LR | H34: 46140
A35: GUV2 | B35: View | C35: Menu aceita opção válida de saída | D35: 9 | E35: É emitido o evento OpcaoSelecionada com o valor "9" | F35: Auto | G35: LR | H35: 46140
A36: GUV3 | B36: View | C36: Leitura de inteiro rejeita texto inválido | D36: abc, depois 5 | E36: A View mostra mensagem de erro e só aceita o valor inteiro válido | F36: Auto | G36: LR | H36: 46140
A37: GUV4 | B37: View | C37: Leitura de inteiro rejeita vazio | D37: "", depois 2 | E37: A View insiste até receber inteiro válido | F37: Auto | G37: LR | H37: 46140
A38: GUV10 | B38: View | C38: Mostrar confirmação apresenta mensagem final da operação | D38: "Produto registado com sucesso" | E38: A View apresenta a confirmação e termina o fluxo visual correctamente | F38: Manual | G38: PN | H38: 46138 | I38: PN | J38: 46138 | K38: Confirmado em validação manual preliminar: a confirmação foi apresentada correctamente no fluxo válido de registo. | L38: 42
A39: GUC2 | B39: Controller | C39: Registo com dados inválidos | D39: Nome vazio ou quantidade <= 0 | E39: O Controller rejeita e manda a View apresentar erro | F39: Auto | G39: LR | H39: 46140
A40: GUC3 | B40: Controller | C40: Remoção com dados inválidos | D40: Nome vazio ou quantidade <= 0 | E40: O Controller rejeita e manda a View apresentar erro | F40: Auto | G40: LR | H40: 46140
A41: GUM1 | B41: Model | C41: Registar novo produto | D41: Arroz, 10, 3, kg | E41: Produto adicionado, persistência actualizada, confirmação emitida | F41: Auto | G41: LR | H41: 46140
A42: GUM2 | B42: Model | C42: Actualizar produto existente | D42: Arroz, 15, 4, kg | E42: Produto actualizado sem duplicação | F42: Auto | G42: LR | H42: 46140
A43: GUM3 | B43: Model | C43: Remover quantidade com stock suficiente | D43: Produto com 10, remover 4 | E43: Quantidade final 6, confirmação emitida | F43: Auto | G43: LR | H43: 46140
A44: GUM4 | B44: Model | C44: Remover quantidade com stock insuficiente | D44: Produto com 2, remover 5 | E44: Não altera stock, erro emitido | F44: Auto | G44: LR | H44: 46140
A45: GUM5 | B45: Model | C45: Gerar lista de reposição | D45: Produtos acima e abaixo do mínimo | E45: Só devolve os produtos abaixo do mínimo | F45: Auto | G45: LR | H45: 46140
A46: GUM8 | B46: Model | C46: Teste de fronteira — remover quantidade exactamente igual ao stock | D46: stock = 10, remover = 10 | E46: stock final = 0; operação válida; sem erro de stock insuficiente | F46: Auto | G46: LR | H46: 46142
A48: Testes Unitários Dinâmicos – Caixa Aberta
A49: ID | B49: Módulo/Componente | C49: Descrição | D49: Dados de Input | E49: Resultado esperado | F49: Auto/Manual | G49: Sugerido por | H49: Sugerido em: | I49: Criado/Testado por: | J49: Corrido em: | K49: Resultado Obtido | L49: Obs.
A50: MU6 | B50: Model | C50: Proteção do estado interno (deep copy) | D50: Pedido de lista de produtos | E50: Alterações externas não afetam o Model | F50: Auto | G50: AF | H50: 46141
A51: MU7 | B51: Model | C51: Persistência após alterações | D51: Registo ou remoção de produto | E51: Ficheiro JSON atualizado corretamente | F51: Auto | G51: AF | H51: 46141
A52: VU6 | B52: View | C52: Tratamento de opção inválida no menu | D52: Input não reconhecido pelo menu (ex.: letra ou número fora do intervalo) | E52: Mensagem de opção inválida apresentada; aplicação retorna ao menu sem encerrar | F52: Manual | G52: CB | H52: 46141 | I52: PN | J52: 46138 | K52: Confirmado em validação manual preliminar: para 7 e abc foi apresentada mensagem de erro e houve retorno ao menu sem encerramento. | L52: 42
A53: VU7 | B53: View | C53: Apresentação de mensagem de erro por stock insuficiente | D53: Resultado de erro devolvido pelo Controller | E53: Mensagem de erro clara apresentada ao utilizador; aplicação não termina abruptamente | F53: Manual | G53: CB | H53: 46141 | I53: LR | J53: 46143 | K53: Confirmado: quando o Model sinaliza stock insuficiente, a View apresenta "✖ Stock insuficiente." e a aplicação continua a correr. | L53: 7;11;44;46
A54: VU8 | B54: View | C54: Apresentação com lista de stock vazia | D54: Lista vazia fornecida pelo Controller | E54: A View indica adequadamente que não existem produtos registados, sem erros | F54: Manual | G54: CB | H54: 46141 | I54: LR | J54: 46143 | K54: Confirmado: com lista vazia, a View apresenta "--- STOCK ---" e "Sem produtos." sem erro. | L54: 7;44;53
A55: CU8 | B55: Controller | C55: Stock insuficiente | D55: Quantidade > stock | E55: Erro propagado corretamente | F55: Auto | G55: KA | H55: 46141
A56: CU9 | B56: Controller | C56: Produto inexistente | D56: Nome inválido | E56: Erro apresentado | F56: Auto | G56: KA | H56: 46141
A57: CU10 | B57: Controller | C57: Exceção no Model | D57: Erro simulado | E57: Controller trata erro | F57: Auto | G57: KA | H57: 46141
A58: CU11 | B58: Controller | C58: Encerramento controlado | D58: Opção "9" | E58: Aplicação termina sem Environment.Exit | F58: Auto | G58: KA | H58: 46141
A59: GUV5 | B59: View | C59: Pedido de dados de produto emite evento correcto | D59: Nome=Arroz, Quantidade=10, Mínimo=3, Unidade=kg | E59: É emitido DadosProdutoIntroduzidos com os valores recolhidos | F59: Auto | G59: LR | H59: 46140
A60: GUV6 | B60: View | C60: Pedido de remoção emite evento correcto | D60: Nome=Arroz, Quantidade=4 | E60: É emitido RemocaoSolicitada com os valores recolhidos | F60: Auto | G60: LR | H60: 46140
A61: GUV7 | B61: View | C61: Mostrar stock apresenta lista sem alterar dados | D61: Lista com produtos válidos | E61: A View apresenta os produtos e não altera o estado recebido | F61: Manual | G61: LR | H61: 46140 | I61: LR | J61: 46143 | K61: Confirmado: MostrarStock apenas percorre a lista recebida e apresenta os produtos, sem alterar os dados. | L61: 7;44
A62: GUM6 | B62: Model | C62: Carregar dados JSON | D62: Ficheiro válido | E62: Lista interna carregada correctamente | F62: Auto | G62: LR | H62: 46140
A63: GUM7 | B63: Model | C63: Guardar dados JSON | D63: Lista com produtos | E63: Ficheiro actualizado correctamente | F63: Auto | G63: LR | H63: 46140
A65: Testes de Integração – De Baixo para Cima
A66: ID | B66: Módulo/Componente | C66: Descrição | D66: Dados de Input | E66: Resultado esperado | F66: Auto/Manual | G66: Sugerido por | H66: Sugerido em: | I66: Criado/Testado por: | J66: Corrido em: | K66: Resultado Obtido | L66: Obs.
A67: MI1 | B67: Model | C67: Model testado com controlador simulado | D67: Chamadas simuladas ao Model | E67: Respostas corretas previstas para o Model | F67: Auto | G67: AF | H67: 46141
A68: VI1 | B68: View | C68: Apresentação de dados reais carregados do JSON | D68: Dados persistidos em ficheiro JSON carregados pelo Controller | E68: Informação lida do ficheiro apresentada com formatação correta na consola | F68: Manual | G68: CB | H68: 46141 | I68: LR | J68: 46143 | K68: Confirmado: após CarregarDados(), o fluxo Controller -> View apresenta os produtos no formato "Nome - Quantidade Unidade (mín: QuantidadeMinima)". | L68: 26;27;44
A69: CI1 | B69: Controller | C69: Controller → Model | D69: Chamadas diretas | E69: Resposta correta | F69: Auto | G69: KA | H69: 46141
A70: CI2 | B70: Controller | C70: Controller → View | D70: Chamadas diretas | E70: Output correto | F70: Auto | G70: KA | H70: 46141
A71: CI4 | B71: Controller | C71: Fluxo registo completo | D71: Opção "2" | E71: Dados propagados corretamente | F71: Auto | G71: KA | H71: 46141
A72: GIB2 | B72: Persistência + Model | C72: Integração da gravação JSON após alteração do stock | D72: Lista com produtos + operação de actualização | E72: O ficheiro é actualizado correctamente após a operação | F72: Auto | G72: LR | H72: 46140
A73: GIB3 | B73: Model + Controller | C73: Integração do registo válido através do Controller | D73: Dados válidos de produto | E73: O Controller encaminha o pedido e o Model regista correctamente | F73: Auto | G73: LR | H73: 46140
A74: GIB4 | B74: Model + Controller | C74: Integração da remoção com stock insuficiente | D74: Produto com stock insuficiente | E74: O Model detecta o erro e o Controller mantém o fluxo coerente | F74: Auto | G74: LR | H74: 46140
A75: GIB5 | B75: View + Controller + Model | C75: Integração do registo a partir da recolha feita na View | D75: Nome=Arroz, Quantidade=10, Mínimo=3, Unidade=kg | E75: A View emite o evento, o Controller encaminha e o Model conclui a operação correctamente | F75: Auto | G75: LR | H75: 46140
A77: Testes de Integração – Explosão
A78: ID | B78: Módulo/Componente | C78: Descrição | D78: Dados de Input | E78: Resultado esperado | F78: Auto/Manual | G78: Sugerido por | H78: Sugerido em: | I78: Criado/Testado por: | J78: Corrido em: | K78: Resultado Obtido | L78: Obs.
A79: VI2 | B79: View | C79: Execução completa com input real do utilizador | D79: Input real do utilizador em todos os fluxos (consulta, adição, remoção, reposição) | E79: Resultados apresentados corretamente pela View em cada fluxo, sem erros de navegação | F79: Manual | G79: CB | H79: 46141 | I79: LR | J79: 46143 | K79: Confirmado: os fluxos de consulta, adição, remoção, reposição e saída têm apresentação coerente na View e não mostram erros de navegação. | L79: 48
A80: GIG1 | B80: MVC completo | C80: Fluxo completo de registo e consulta | D80: Registar Arroz, 10, 3, kg; depois consultar | E80: O produto aparece correctamente no stock | F80: Manual | G80: PN | H80: 46138 | I80: PN | J80: 46138 | K80: Confirmado em validação manual preliminar: o produto Arroz foi registado e surgiu correctamente no stock. | L80: 42
A81: GIG2 | B81: MVC completo | C81: Fluxo completo de remoção válida | D81: Produto com stock suficiente | E81: Stock actualizado e confirmação apresentada | F81: Manual | G81: LR | H81: 46140 | I81: LR | J81: 46143 | K81: Confirmado: com stock suficiente, o Model decrementa a quantidade, guarda os dados e a View apresenta confirmação de remoção. | L81: 25;48
A82: GIG3 | B82: MVC completo | C82: Fluxo completo de remoção com erro | D82: Produto com stock insuficiente | E82: Erro apresentado sem crash | F82: Manual | G82: LR | H82: 46140 | I82: LR | J82: 46143 | K82: Confirmado: com stock insuficiente, o Model não altera os dados, sinaliza erro e a aplicação continua sem crash. | L82: 46;48
A83: GIG4 | B83: MVC completo | C83: Fluxo de lista de reposição | D83: Produtos abaixo do mínimo | E83: Lista apresentada correctamente | F83: Manual | G83: LR | H83: 46140 | I83: LR | J83: 46143 | K83: Confirmado: os produtos com Quantidade < QuantidadeMinima são filtrados pelo Model e apresentados correctamente pela View. | L83: 24;48
A84: GIG5 | B84: MVC completo | C84: Saída controlada | D84: 9 | E84: Aplicação encerra de forma controlada | F84: Manual | G84: PN | H84: 46138 | I84: PN | J84: 46138 | K84: Confirmado em validação manual preliminar: a aplicação encerrou correctamente pela opção 9. | L84: 42
A85: GIG6 | B85: MVC completo | C85: Teste de sequência realista | D85: Registar produto → remover quantidade → consultar stock → reiniciar aplicação | E85: A persistência mantém o estado correcto após reinício da aplicação | F85: Manual | G85: LR | H85: 46142 | I85: LR | J85: 46143 | K85: Confirmado: após registo e remoção, GuardarDados() persiste o estado; num reinício, CarregarDados() repõe esse estado. | L85: 26;51;55
A86: GIG7 | B86: MVC completo | C86: Teste de consistência após erro | D86: Tentar remoção inválida / com stock insuficiente → consultar stock | E86: Os dados mantêm-se inalterados após o erro; o stock consultado coincide com o estado anterior à tentativa de remoção | F86: Manual | G86: LR | H86: 46142 | I86: LR | J86: 46143 | K86: Confirmado: quando a remoção falha, o Model termina sem alterar a quantidade e a consulta posterior devolve o estado anterior. | L86: 25;46
A87: GEG3 | B87: MVC completo | C87: Registo com dados inválidos | D87: Quantidade negativa ou zero | E87: Erro apresentado sem duplicação do menu | F87: Manual | G87: PN | H87: 46138 | I87: PN | J87: 46138 | K87: Confirmado em validação manual preliminar: o erro foi apresentado sem duplicação do menu. | L87: 20;42
A88: GEG4 | B88: MVC completo | C88: Remoção com dados inválidos | D88: Quantidade negativa ou zero | E88: Erro apresentado sem crash | F88: Manual | G88: PN | H88: 46138 | I88: PN | J88: 46138 | K88: Confirmado em validação manual preliminar: a remoção inválida apresentou erro sem crash. | L88: 42
A89: GEG5 | B89: MVC completo | C89: Repetição da lista de reposição | D89: Escolher várias vezes a opção 4 | E89: Comportamento estável, sem duplicação anómala | F89: Manual | G89: PN | H89: 46138 | I89: PN | J89: 46138 | K89: Confirmado em validação manual preliminar: a repetição da opção 4 manteve comportamento estável, sem duplicação anómala. | L89: 42
A90: GEG6 | B90: MVC completo | C90: Teste de repetição | D90: Executar opção inválida várias vezes seguidas | E90: A aplicação continua estável, sem degradação visível, sem crash e sem duplicação anómala do menu | F90: Manual | G90: LR | H90: 46142 | I90: LR | J90: 46143 | K90: Confirmado: opções inválidas repetidas apenas geram mensagem de erro, mantendo o ciclo principal estável e sem recursão nem crash. | L90: 19;20

Sheet Sheet1
A1: ID | B1: Módulo/Componente | C1: Descrição | D1: Dados de Input | E1: Resultado esperado | F1: Auto/Manual | G1: Sugerido por | H1: Sugerido em: | I1: Criado/Testado por: | J1: Corrido em: | K1: Resultado Obtido | L1: Obs.
A2: VU7 | B2: View | C2: Apresentação de mensagem de erro por stock insuficiente | D2: Resultado de erro devolvido pelo Controller | E2: Mensagem de erro clara apresentada ao utilizador; aplicação não termina abruptamente | F2: Manual | G2: CB | H2: 46141 | I2: LR | J2: 46143 | K2: Confirmado: quando o Model sinaliza stock insuficiente, a View apresenta "✖ Stock insuficiente." e a aplicação continua a correr. | L2: 7;11;44;46
A3: VU8 | B3: View | C3: Apresentação com lista de stock vazia | D3: Lista vazia fornecida pelo Controller | E3: A View indica adequadamente que não existem produtos registados, sem erros | F3: Manual | G3: CB | H3: 46141 | I3: LR | J3: 46143 | K3: Confirmado: com lista vazia, a View apresenta "--- STOCK ---" e "Sem produtos." sem erro. | L3: 7;44;53
A4: GUV7 | B4: View | C4: Mostrar stock apresenta lista sem alterar dados | D4: Lista com produtos válidos | E4: A View apresenta os produtos e não altera o estado recebido | F4: Manual | G4: LR | H4: 46140 | I4: LR | J4: 46143 | K4: Confirmado: MostrarStock apenas percorre a lista recebida e apresenta os produtos, sem alterar os dados. | L4: 7;44
A5: VI1 | B5: View | C5: Apresentação de dados reais carregados do JSON | D5: Dados persistidos em ficheiro JSON carregados pelo Controller | E5: Informação lida do ficheiro apresentada com formatação correta na consola | F5: Manual | G5: CB | H5: 46141 | I5: LR | J5: 46143 | K5: Confirmado: após CarregarDados(), o fluxo Controller -> View apresenta os produtos no formato "Nome - Quantidade Unidade (mín: QuantidadeMinima)". | L5: 26;27;44
A6: VI2 | B6: View | C6: Execução completa com input real do utilizador | D6: Input real do utilizador em todos os fluxos (consulta, adição, remoção, reposição) | E6: Resultados apresentados corretamente pela View em cada fluxo, sem erros de navegação | F6: Manual | G6: CB | H6: 46141 | I6: LR | J6: 46143 | K6: Confirmado: os fluxos de consulta, adição, remoção, reposição e saída têm apresentação coerente na View e não mostram erros de navegação. | L6: 48
A7: GIG2 | B7: MVC completo | C7: Fluxo completo de remoção válida | D7: Produto com stock suficiente | E7: Stock actualizado e confirmação apresentada | F7: Manual | G7: LR | H7: 46140 | I7: LR | J7: 46143 | K7: Confirmado: com stock suficiente, o Model decrementa a quantidade, guarda os dados e a View apresenta confirmação de remoção. | L7: 25;48
A8: GIG3 | B8: MVC completo | C8: Fluxo completo de remoção com erro | D8: Produto com stock insuficiente | E8: Erro apresentado sem crash | F8: Manual | G8: LR | H8: 46140 | I8: LR | J8: 46143 | K8: Confirmado: com stock insuficiente, o Model não altera os dados, sinaliza erro e a aplicação continua sem crash. | L8: 46;48
A9: GIG4 | B9: MVC completo | C9: Fluxo de lista de reposição | D9: Produtos abaixo do mínimo | E9: Lista apresentada correctamente | F9: Manual | G9: LR | H9: 46140 | I9: LR | J9: 46143 | K9: Confirmado: os produtos com Quantidade < QuantidadeMinima são filtrados pelo Model e apresentados correctamente pela View. | L9: 24;48
A10: GIG6 | B10: MVC completo | C10: Teste de sequência realista | D10: Registar produto → remover quantidade → consultar stock → reiniciar aplicação | E10: A persistência mantém o estado correcto após reinício da aplicação | F10: Manual | G10: LR | H10: 46142 | I10: LR | J10: 46143 | K10: Confirmado: após registo e remoção, GuardarDados() persiste o estado; num reinício, CarregarDados() repõe esse estado. | L10: 26;51;55
A11: GIG7 | B11: MVC completo | C11: Teste de consistência após erro | D11: Tentar remoção inválida / com stock insuficiente → consultar stock | E11: Os dados mantêm-se inalterados após o erro; o stock consultado coincide com o estado anterior à tentativa de remoção | F11: Manual | G11: LR | H11: 46142 | I11: LR | J11: 46143 | K11: Confirmado: quando a remoção falha, o Model termina sem alterar a quantidade e a consulta posterior devolve o estado anterior. | L11: 25;46
A12: GEG6 | B12: MVC completo | C12: Teste de repetição | D12: Executar opção inválida várias vezes seguidas | E12: A aplicação continua estável, sem degradação visível, sem crash e sem duplicação anómala do menu | F12: Manual | G12: LR | H12: 46142 | I12: LR | J12: 46143 | K12: Confirmado: opções inválidas repetidas apenas geram mensagem de erro, mantendo o ciclo principal estável e sem recursão nem crash. | L12: 19;20

Sheet CheckT5_20260519
A1: ID# | B1: Área | C1: Aspecto verificado | D1: Ficheiro/Local | E1: Critério | F1: Estado | G1: Evidência | H1: Problema detectado | I1: Correcção sugerida | J1: Prioridade | K1: Data | L1: Tipo
A2: 56 | B2: Comunicação entre componentes | C2: Uso de ref na comunicação entre componentes | D2: Controller.cs / Model.cs | E2: O uso de ref só deve existir quando for tecnicamente necessário, sem introduzir acoplamento desnecessário ou quebra da coerência MVC | F2: Não conforme | G2: ref mantido em SolicitarListaProdutos(ref List<IProduto> lista) e SolicitarListaReposicao(ref List<IProduto> lista); o ID 59 confirma que o tipo de retorno poderia ser IEnumerable<IProduto> directamente | H2: O uso de ref continua dispensável e incompatível com a substituição por IEnumerable<IProduto> nos contratos públicos (ver ID#59) | I2: Eliminar ref e alterar a assinatura para IEnumerable<IProduto> SolicitarListaProdutos() / SolicitarListaReposicao() — resolve em simultâneo os IDs 56 e 59 | J2: Alta | K2: 46161 | L2: Novo
A3: 57 | B3: Interfaces | C3: Interfaces no namespace correcto (Contracts) | D3: Contracts/IProduto.cs, Contracts/IResultadoOperacao.cs | E3: As interfaces devem estar em GestorStockDomestico.Contracts, em ficheiros próprios, fora de Model.cs e de qualquer componente MVC | F3: Conforme | G3: IProduto e IResultadoOperacao estão ambas declaradas com namespace GestorStockDomestico.Contracts em ficheiros individuais dentro da pasta Contracts/ | J3: Baixa | K3: 46161 | L3: Novo
A4: 58 | B4: Interfaces | C4: Produto implementa IProduto; IProduto expõe Quantidade apenas com get | D4: Produto.cs / Contracts/IProduto.cs | E4: Produto deve implementar IProduto; IProduto deve expor Quantidade (e restantes propriedades) apenas com getter, sem setter | F4: Conforme | G4: class Produto : IProduto; todas as propriedades de IProduto têm { get; } sem setter; Produto.Quantidade é igualmente read-only (public int Quantidade { get; }) | J4: Baixa | K4: 46161 | L4: Novo
A5: 59 | B5: Interfaces | C5: List<Produto> substituído por IEnumerable<IProduto> nos contratos públicos | D5: View.cs / Controller.cs / Model.cs | E5: Os métodos que expõem listas devem usar IEnumerable<IProduto> e não List<Produto> concreto nas assinaturas visíveis ao exterior | F5: Parcial | G5: MostrarStock e MostrarListaReposicao na View recebem IEnumerable<IProduto> ✓; Controller usa List<IProduto> como variável local intermédia (aceitável); mas SolicitarListaProdutos e SolicitarListaReposicao no Model mantêm ref List<IProduto> como parâmetro | H5: A assinatura ref List<IProduto> no Model expõe o tipo concreto List<> em vez de uma abstracção; o ref é tecnicamente desnecessário (ver ID#56) | I5: Substituir ref List<IProduto> por retorno directo de IEnumerable<IProduto> — elimina o ref e alinha com o critério da checklist; resolve também o ID#56 | J5: Alta | K5: 46161 | L5: Novo
A6: 60 | B6: MVC | C6: MVC mantido na View após introdução das interfaces | D6: View.cs | E6: A introdução das interfaces não deve criar acoplamentos novos entre View e Model; a View deve continuar a desconhecer o Model | F6: Conforme | G6: View.cs tem using GestorStockDomestico.Contracts mas não referencia Model, Controller nem qualquer classe concreta do domínio — os contratos funcionam como fronteira neutra entre componentes | J6: Baixa | K6: 46161 | L6: Novo
A7: 61 | B7: Implementação | C7: Compilação sem erros (dotnet build) | D7: GestorStockDomestico.csproj / todos os .cs | E7: O projecto deve compilar sem erros nem warnings críticos com dotnet build antes de cada submissão | F7: Conforme | G7: dotnet build concluído com sucesso: "GestorStockDomestico net9.0 succeeded (8,8s) → bin\Debug\net9.0\GestorStockDomestico.dll. Build succeeded in 12,4s". Zero erros, zero warnings críticos. | H7: Runtime .NET 9.0 não estava instalado na máquina de verificação (apenas 8.0 e 10.0 disponíveis); instalação do runtime resolveu o problema de execução. | J7: Baixa | K7: 46161 | L7: Novo
A8: 62 | B8: Implementação | C8: Execução sem erros (dotnet run) — fluxos principais | D8: Aplicação compilada / GestorStockDomestico.csproj | E8: dotnet run deve apresentar o menu, aceitar todas as opções documentadas e encerrar de forma controlada, sem crash e sem output inesperado | F8: Conforme | G8: Validação local pós-merge (main, 19 Mai 2026): Rebuild da solução OK sem erros; aplicação inicia e encerra correctamente; mostrar stock OK; registar/actualizar produto OK; mostrar stock após registo OK; remover quantidade válida OK; remover quantidade superior ao stock OK — mensagem 'Stock insuficiente' apresentada; lista de reposição OK; input numérico inválido OK — mensagem 'Valor inválido. Introduza um número inteiro.'; JSON inválido OK — tratado sem crash. | J8: Baixa | K8: 46161 | L8: Novo
A9: 63 | B9: Implementação | C9: Classe ResultadoOperacao em ficheiro próprio | D9: Model.cs | E9: A classe concreta ResultadoOperacao deve estar num ficheiro próprio (ResultadoOperacao.cs), não embutida no fim de Model.cs | F9: Parcial | G9: ResultadoOperacao está definida no mesmo ficheiro que Model, depois do fecho da classe Model; IResultadoOperacao está correctamente na pasta Contracts | H9: Mistura de responsabilidades num único ficheiro; Model.cs fica mais longo do que o necessário | I9: Mover ResultadoOperacao para ResultadoOperacao.cs no namespace GestorStockDomestico, mantendo o using GestorStockDomestico.Contracts | J9: Baixa | K9: 46161 | L9: Novo
A10: 64 | B10: Implementação | C10: Coerência de PRs com o estado do main | D10: Repositório git — branches feat/view-interfaces, interfaces-controller, model | E10: As branches remotas devem reflectir o trabalho efectuado e os PRs devem estar fechados/merged coerentemente com o estado do main | F10: Conforme | G10: PR #17 (model), PR #18 (interfaces-controller) e PR #19 (feat/view-interfaces) merged no main. origin/controller_interno sem diff face ao main (conteúdo já integrado). main sincronizado com origin/main, working tree clean. | H10: Branches antigas (atualizar-gitignore, fix/menu-ciclo-iterativo, interfaces-controller, model, feat/view-interfaces, controller_interno) ainda presentes no remote mas sem conteúdo por integrar. | I10: Apagar branches já merged no GitHub (git push origin --delete <branch>) para manter o repositório limpo. | J10: Baixa | K10: 46161 | L10: Novo
A11: 11 | B11: Eventos/Delegados | C11: Notificações do Model chegam à View por eventos | D11: Controller.cs / Model.cs | E11: As respostas do Model devem chegar à View por eventos | F11: Não conforme | G11: Os eventos OperacaoConcluida e ErroStockInsuficiente existem no Model mas não estão subscritos no Controller T5; o construtor tem o comentário "// já não são necessários"; o resultado das operações chega via IResultadoOperacao devolvido directamente | H11: Os eventos declarados no Model são código morto — ninguém os subscreve nos fluxos principais; a evidência da sessão T4 está desactualizada | I11: Decidir: remover os eventos do Model (mais limpo) ou voltar a subscrevê-los no Controller; actualizar evidência e documentação em conformidade | J11: Média | K11: 46161 | L11: Recheck
A12: 5 | B12: MVC | C12: View não conhece directamente o Model | D12: View.cs | E12: A View não deve instanciar nem referenciar directamente o Model | F12: Conforme | G12: View.cs tem using GestorStockDomestico.Contracts mas não referencia Model nem Controller; Contracts é uma fronteira neutra (interfaces puras) e não constitui acoplamento ao Model | J12: Baixa | K12: 46161 | L12: Recheck
A13: 13 | B13: Acoplamento | C13: Ausência de acoplamento estrutural View -> Model | D13: View.cs | E13: A View não deve criar nem conhecer o Model | F13: Conforme | G13: View.cs referencia apenas GestorStockDomestico.Contracts (interfaces puras); não instancia nem usa Model; o acoplamento a Contracts não é acoplamento ao Model — é a fronteira formal entre componentes | J13: Baixa | K13: 46161 | L13: Recheck
A14: 23 | B14: Implementação | C14: Classe de dados Produto definida | D14: Produto.cs / Contracts/IProduto.cs | E14: Deve existir uma estrutura de dados para o domínio | F14: Conforme | G14: Produto implementa IProduto (T5); propriedades Nome, Quantidade, QuantidadeMinima e Unidade são read-only ({ get; }); IProduto está em GestorStockDomestico.Contracts | J14: Baixa | K14: 46161 | L14: Recheck
A15: 24 | B15: Implementação | C15: Métodos de consulta do Model implementados | D15: Model.cs | E15: SolicitarListaProdutos e SolicitarListaReposicao devem estar funcionais | F15: Conforme | G15: SolicitarListaProdutos(ref List<IProduto>) copia _listaProdutos (List<IProduto>) para deep copy; SolicitarListaReposicao(ref List<IProduto>) filtra produtos com Quantidade < QuantidadeMinima; ambos usam IProduto em vez de Produto concreto (T5) | H15: Assinatura ref List<IProduto> continua dispensável — ver ID#56/59 | I15: Substituir por retorno de IEnumerable<IProduto> — resolve em simultâneo com IDs #56 e #59 | J15: Média | K15: 46161 | L15: Recheck
A16: 25 | B16: Implementação | C16: Métodos de lógica de negócio do Model implementados | D16: Model.cs | E16: RegistarOuAtualizarProduto e RemoverQuantidade devem estar funcionais | F16: Conforme | G16: RegistarOuAtualizarProduto e RemoverQuantidade devolvem IResultadoOperacao (T5); RegistarOuAtualizarProduto adiciona/actualiza, guarda e retorna ResultadoOperacao(true); RemoverQuantidade valida stock, remove, guarda e retorna ResultadoOperacao(true/false); eventos OperacaoConcluida e ErroStockInsuficiente ainda disparados mas não subscritos — ver ID#11 | J16: Baixa | K16: 46161 | L16: Recheck
A17: 43 | B17: Testes | C17: Cobertura de observação do Model quanto a encapsulamento, responsabilidades e persistência | D17: Model.cs | E17: O Model deve proteger o estado interno, concentrar a lógica de negócio e a persistência JSON | F17: Conforme | G17: _listaProdutos é privado e do tipo List<IProduto> (T5); listas devolvidas são deep copies de IProduto; RegistarOuAtualizarProduto e RemoverQuantidade devolvem IResultadoOperacao; CarregarDados e GuardarDados residem no Model | J17: Baixa | K17: 46161 | L17: Recheck
A18: 45 | B18: Testes | C18: Cobertura de observação do Controller quanto a coordenação, dependências e fecho controlado | D18: Controller.cs | E18: O Controller deve coordenar View e Model, sem lógica de negócio, e encerrar sem Environment.Exit | F18: Conforme | G18: Controller instancia View e Model, medeia fluxos, obtém resultado via IResultadoOperacao (T5) e decide apresentação; sem lógica de negócio; encerra com _executando = false; subscrições de eventos do Model removidas do construtor (código comentado) | H18: Eventos do Model não subscritos — ver ID#11 | J18: Baixa | K18: 46161 | L18: Recheck
A19: 46 | B19: Excepções | C19: Excepções implementadas respeitam o estilo MVC em todos os componentes | D19: Controller.cs / Model.cs / View.cs | E19: O tratamento de erros não deve ficar concentrado só num componente e deve respeitar as responsabilidades MVC | F19: Parcial | G19: Erros de input tratados no Controller; resultado de domínio via IResultadoOperacao (T5) — Controller verifica resultado.Sucesso e delega apresentação à View; stock insuficiente ainda dispara ErroStockInsuficiente no Model mas o evento não está subscrito; falhas de persistência propagadas ao Controller via excepção | H19: Evento ErroStockInsuficiente disparado mas não subscrito (código morto); falta registo formal de cenários de falha técnica de JSON (ID#49) | I19: Resolver ID#11 (eventos mortos); executar e registar cenários de falha de persistência JSON | J19: Média | K19: 46161 | L19: Recheck
A20: 65 | B20: Interfaces | C20: IGestorStock / IStockModel — interface do Model para reduzir acoplamento Controller → Model | D20: Model.cs / Controller.cs | E20: Deve existir uma interface IGestorStock ou IStockModel para abstrair o Model face ao Controller, reduzindo o acoplamento estrutural | F20: Fora de âmbito | G20: IGestorStock/IStockModel não implementada na versão T5.7; Controller depende directamente da classe concreta Model; decisão da equipa: registar como melhoria futura e manter fora do âmbito de T5 | H20: O Controller continua acoplado à classe concreta Model — o acoplamento que esta interface visava reduzir permanece presente | I20: Implementar IGestorStock ou IStockModel em iteração futura; Controller passa a depender da interface em vez da classe concreta | J20: Média | K20: 46161 | L20: Novo
A21: 66 | B21: Implementação | C21: Json.NET (Newtonsoft.Json) como API oficial de serialização | D21: GestorStockDomestico.csproj / Model.cs | E21: A serialização JSON deve usar exclusivamente Newtonsoft.Json (Json.NET), conforme decisão técnica da equipa | F21: Conforme | G21: Newtonsoft.Json 13.0.4 declarado no .csproj; JsonConvert.SerializeObject e DeserializeObject usados em GuardarDados e CarregarDados no Model; sem uso de System.Text.Json | J21: Baixa | K21: 46161 | L21: Novo
A22: 67 | B22: Processo | C22: Ausência de push directo para main — merges via PR obrigatório | D22: Repositório git — histórico de commits | E22: Nenhum dev deve fazer push directo para main; cada contributo deve passar por PR com revisão | F22: Conforme | G22: Histórico git confirma: todos os merges para main foram via PR (#17 model, #18 interfaces-controller, #19 feat/view-interfaces); nenhum commit directo identificado na main após o scaffold inicial | J22: Baixa | K22: 46161 | L22: Novo
A23: 49 | B23: Excepções | C23: Tratamento de falhas técnicas de persistência JSON | D23: Model.cs — CarregarDados / GuardarDados | E23: Falhas de leitura/escrita JSON devem ser tratadas sem crash; JSON inválido ou corrompido deve ser absorvido com recuperação controlada | F23: Conforme | G23: Validação pós-merge confirma: JSON inválido tratado sem crash; CarregarDados absorve ficheiro corrompido e inicializa lista vazia; GuardarDados propaga excepção ao Controller que apresenta mensagem contextualizada na View | J23: Baixa | K23: 46161 | L23: Recheck
A24: 52 | B24: Excepções | C24: Tratamento de remoção com stock insuficiente ou produto inexistente | D24: Model.cs / Controller.cs / View.cs | E24: Tentativa de remover quantidade superior ao stock deve ser rejeitada com mensagem clara; produto inexistente deve ser tratado de forma controlada | F24: Parcial | G24: Validação pós-merge confirma: remover quantidade superior ao stock OK — mensagem 'Stock insuficiente' apresentada; comportamento controlado sem crash. Produto inexistente continua a produzir a mesma mensagem que stock insuficiente — limitação conhecida e mantida. | H24: Produto inexistente e stock insuficiente produzem a mesma mensagem — não distingue os dois casos; limitação registada e aceite para este âmbito | I24: Melhoria futura: distinguir explicitamente produto inexistente de stock insuficiente com mensagens próprias | J24: Baixa | K24: 46161 | L24: Recheck
A25: 68 | B25: Processo | C25: Validação formal T5.7 — Laurentino Reis (verificador) | D25: main pós-merge PRs #17, #18, #19 | E25: O verificador deve confirmar formalmente: compilação da main, conformidade MVC, View sem acesso directo ao Model, interfaces em uso real e substituição de List<Produto> por abstrações | F25: Conforme | G25: Validação formal do verificador (Laurentino Reis, 19 Mai 2026) — main pós-merge: (1) Compilação: dotnet build succeeded, net9.0, zero erros (ID#61); (2) Execução: todos os fluxos funcionais, persistência confirmada (ID#62); (3) MVC mantido: Controller medeia View e Model, View sem using do Model (IDs #5, #60); (4) Interfaces em uso real: IProduto e IResultadoOperacao em Contracts, Produto implementa IProduto, View recebe IEnumerable<IProduto> em MostrarStock e MostrarListaReposicao (IDs #57, #58, #59); (5) List<Produto> substituído por IEnumerable<IProduto> nos contratos públicos da View; Controller usa List<IProduto> como buffer local — aceitável; ref List<IProduto> no Model pendente (ID#56/#59); (6) IGestorStock/IStockModel não implementada — registada como melhoria futura (ID#65); (7) PRs #17, #18, #19 merged, main limpa e sincronizada (ID#64); (8) Json.NET como API oficial confirmado (ID#66); (9) Sem push directo para main (ID#67). Bloqueios antes de fechar T5.7: ID#56/#59 (ref dispensável) e ID#11 (eventos não subscritos). | H25: Bloqueios identificados: ID#56/#59 (ref List<IProduto> dispensável no Model) e ID#11 (eventos OperacaoConcluida/ErroStockInsuficiente declarados mas não subscritos — código morto) | I25: Resolver ID#56/#59 substituindo ref por retorno de IEnumerable<IProduto>; decidir sobre eventos do Model (remover ou voltar a subscrever) | J25: Alta | K25: 46161 | L25: Novo
